geo_loc,ethnicity,HVR2
japan1,asian,NNTGCACGCGATAGCATTGCGAGACGCTGGAGCCGGAGCACCCTATGTCGCAGTATCTGTCTTTGATTCCTGCCTCATCCTATTATTTATCGCACCTACGTTCAATATTACAGGCGAACNATACTTACTAAAGTGTGTTAATTAATTAATGCTTGTAGGACATAATAATAACAATTGAATGTCTGCACAGCCGCTTTCCACACAGACATCATAACAAAAAATTTCCACCAAANCCCCCCCCCTCCCCCCGCTTCTGGCCACAGCACTTAAANNNNNNNNNNNNNNNNNNNNNNNNNNN
japan2,asian,NNTGCACGCGATAGCATTGCGAGACGCTGGAGCCGGAGCACCCTATGTCGCAGTATCTGTCTTTGATTCCTGCCTCATTCTATTATTTATCGCACCTACGTTCAATATTACAGGCGAACNATACTTACTAAAGTGTGTTAATTAATTAATGCTTGTAGGACATAATAATAACAATTGAATGTCTGCACAGCCGCTTTCCACACAGACATCATAACAAAAAATTTCCACCAAANNNNCCCCCCTCCCCCCGCTTCTGGCCACAGCACTTAAACACNNNNNNNNNNNNNNNNNNNNNNNN
japan3,asian,NNTGCACGCGATAGCATTGCGAGACGCTGGAGCCGGAGCACCCTATGTCGCAGTATCTGTCTTTGATTCCTGCCTCATCCTATTATTTATCGCACCTACGTTCAATATTACAGGCGAACNATACTTACTAAAGTGTGTTAATTAATTAATGCTTGTAGGACATAATAATAACAATTGAATGTCTGCACAGCCGCTTTCCACACAGACATCATAACAAAAAATTTCCACCAAANNNCCCCCCCTCCCCCCGCTTCTGGCCACAGCACTTAAACANNNNNNNNNNNNNNNNNNNNNNNNN
japan4,asian,NNTGCACGCGATAGCATTGCGAGACGCTGGAGCCGGAGCACCCTATGTCGCAGTATCTGTCTTTGATTCCTGCCTCATCCTATTATTTATCGCACCTACGTTCAATATTACAGGCGAACAATATTTACCAAAGTGTATTAATTAATTAATGCTTGTAGGACATAATAATAACAATTGAATGTCTGCACAGCCGCTTTCCACACAGACATCATAACAAAAAATTTCCACCAAANNNCCCCCCCTCCCCCCGCTTCTGGCCACAGCACTTAAACNNNNNNNNNNNNNNNNNNNNNNNNNN
japan5,asian,NNTGCACGCGATAGCATTGCGAGACGCTGGAGCCGGAGCACCCTATGTCGCAGTATCTGTCTTTGATTCCTGCCTCATCCTATTATTTATCGCACCTACGTTCAATATTACAGGCGAACNATACTTACCAAAGTGTGTTAATTAATTAATGCTTGTAGGACATAATAATAACAATTGAATGTCTGCACAGCCGCTTTCCACACAGACATCATAACAAAAAATTTCCACCAAANNCCCCCCCCTCCCCCCGCTTCTGGCCACAGCACTTAAACNNNNNNNNNNNNNNNNNNNNNNNNNN
japan6,asian,NNTGCACGCGATAGCATTGCGAGACGCTGGAGCCGGAGCACCCTATGTCGCAGTATCTGTCTTTGATTCCTGCCTCATCCTATTATTTATCGCACCTACGTTCAATATTACAGGCGAACNATACTTACTAAAGTGTGTTAATTAATTAATGCTTGTAGGACATAATAATAACAATTGAATGTCTGCACAGCCGCTTTCCACACAGACATCATAACAAAAAATTTCCACCAAANNNCCCCCCCTCCCCCCGCTTCTGGCCACAGCACTTAAACANNNNNNNNNNNNNNNNNNNNNNNNN
japan7,asian,NNTGCACGCGATAGCATTGCGAGACGCTGGAGCCGGAGCACCCTATGTCGCAGTATCTGTCTTTGATTCCTGCCTCATCCCATTATTTATCGCACCTACGTTCAATATTACAGGCGAACNATACTTACTAAAGTGTGTTAATTAATTAATGCTTGTAGGACATAATAATAACAATTGAATGTCTGCACAGCCGCTTTCCACACAGACATCATAACAAAAAATTTCCACCAAANNCCCCCCCCTCCCCCCGCTTCTGGCCACAGCACTTAAACNNNNNNNNNNNNNNNNNNNNNNNNNN
japan8,asian,NNTGCACGCGATAGCATTGCGAGACGCTGGAGCCGGAGCACCCTATGTCGCAGTATCTGTCTTTGATTCCTGCCTCATCCTATTATTTATCGCACCTACGTTCAATATTACAGGCGAACNATACTTACCAAAGTGTGTTAATTAATTAATGCTTGTAGGACATAATAATAACAATTGAATGTCTGCACAGCCGCTTTCCACACAGACATCATAACAAAAAATTTCCACCAAANNCCCCCCCCTCCCCCCGCTTCTGGCCACAGCACTTAAACNNNNNNNNNNNNNNNNNNNNNNNNNN
japan9,asian,NNTGCACGCGATAGCATTGCGAGACGCTGGAGCCGGAGCACCCTATGTCGCAGTATCTGTCTTTGATTCCTGCCTCATCCTATTATTTATCGCACCTACGTTCAATATTACAGGCGAACNATACTTACTAAAGTGTGTTAATTAATTAATGCTTGTAGGACATAATAATAACAATTGAATGTCTGCACAGCCGCTTTCCACACAGACATCATAACAAAAAATTTCCACCAAANCCCCCCCCCTCCCCCCGCTTCTGGCCACAGCACTTAAANNNNNNNNNNNNNNNNNNNNNNNNNNN
japan10,asian,NNTGCACGCGATAGCATTGCGAGACGCTGGAGCCGGAGCACCCTATGTCGCAGTATCTGTCTTTGATTCCTGCCTCATTCTATTATTTATCGCACCTACGTTCAATATTACAGGCGAACNATACTTACTAAAGTGTGTTAATTAATTAATGCTTGTAGGACATAATAATAACAATTGAATGTCTGCACAGCCGCTTTCCACACAGACATCATAACAAAAAATTTCCACCAAANNNCCCCCCCTCCCCCCGCTTCTGGCCACAGCACTTAAACANNNNNNNNNNNNNNNNNNNNNNNNN
japan11,asian,NNTGCACGCGATAGCATTGCGAGACGCTGGAGCCGGAGCACCCTATGTCGCAGTATCTGTCTTTGATTCCTGCCCCATCCCATTATTTATCGCACCTACGTTCAATATTACAGGCGAACNATACTTACTAAAGTGTGTTAATTAATTAATGCTTGTAGGACATAGTAATAACAATTGAATGTCTGCACAGCCGCTTTCCACACAGACATCATAACAAAAAATTTCCACCAAANCCCCCCCCCTCCCCCCGCTTCTGGCCACAGCACTTAAANNNNNNNNNNNNNNNNNNNNNNNNNNN
japan12,asian,NNTGCACGCGATAGCATTGCGAGACGCTGGAGCCGGAGCACCCTATGTCGCAGTATCTGTCTTTGATTCCTGCCTCATTCTATTATTTATCGCACCTACGTTCAATATTACAGGCGAACNATACTTACTAAAGTGTGTTAATTAATTAATGCTTGTAGGACATAATAATAACAATTGAATGTCTGCACAGCCGCTTTCCACACAGACATCATAACAAAAAATTTCCACCAAANCCCCCCCCCTCCCCCCGCTTCTGGCCACAGCACTTAAANNNNNNNNNNNNNNNNNNNNNNNNNNN
japan13,asian,NNTGCACGCGATAGCATTGCGAGACGCTGGAGCCGGAGCACCCTATGTCGCAGTATCTGTCTTTGATTCCTGCCTCATTCTATTATTTATCGCACCTACGTTCAATATTACAGGCGAACNATACCTACTAAAGTGTGTTAATTAATTAATGCTTGTAGGACATAATAATAACAATTGAATGTCTGCACAGCCGCTTTCCACACAGACATCATAACAAAAAATTTCCACCAAANNCCCCCCCCTCCCCCCGCTTCTGGCCACAGCACTTAAACNNNNNNNNNNNNNNNNNNNNNNNNNN
japan14,asian,NNTGCACGCGATAGCATTGCGAGACGCTGGAGCCGGAGCACCCTATGTCGCAGTATCTGTCTTTGATTCCTGCCTCATCCTATTATTTATCGCACCTACGTTCAATATTACAGGCGAACNATACTTACTGAAGTGTGTTAATTAATTAATGCTTGTAGGACATAATAATAACAATTGAATGTCTGCGCAGCCGCTTTCCACACAGACATCATAACAAAAAATTTCCACCAAANNCCCCCCCCTCCCCCCGCTTCTGGCCACAGCACTTAAACNNNNNNNNNNNNNNNNNNNNNNNNNN
japan15,asian,NNTGCACGCGATAGCATTGCGGGACGCTGGAGCCGGAGCACCCTATGTCGCAGTATCTGTCTTTGATTCCTGCCTCATCCTATTATTTATCGCACCTACGTTCAATATTACAGGCGAACNATACTTACTAAAGTGTGTTGATTAATTAATGCTTGTAGGACATAATAATAACAATTGAATGTCTGCACAGCCGCTTTCCACACAGACATCATAACAAAAAATTTCCACCAAANNNCCCCCCCTCCCCCCGCTTCTGGCCACAGCACTTAAACANNNNNNNNNNNNNNNNNNNNNNNNN
japan16,asian,NNTGCACGCGATAGCATTGCGAGACGCTGGAGCCGGAGCACCCTATGTCGCAGTATCTGTCTTTGATTCCTGCCTCATCCTATTATTTATCGCACCTACGTTCAATATTACAGGCGAACNATATTTACTAAAGTGTGTTAATTAATTAATGCTTGTAGGACATAATAATAACAATTGAATGTCTGCACAGCCGCTTTCCACACAGACATCATAACAAAAAATTTCCACCAAANCCCCCCCCCTCCCCCCGCTTCTGGCCACAGCACTTAAANNNNNNNNNNNNNNNNNNNNNNNNNNN
japan17,asian,NNTGCACGCGATAGCATTGCGAGACGCTGGAGCCGGAGCACCCTATGTCGCAGTATCTGTCTTTGATTCCTGCCTCATCCTATTATTTATCGCACCTACGTTCAATATTACAGGCGAACNATACTTACTAAAGTGTGTTAATTAATTAATGCTTGTAGGACATAGTAATAACAATTGAATGTCTGCACAGCCGCTTTCCACACAGACATCATAACAAAAAATTTCCACCAAANNCCCCCCCCTCCCCCCGCTTCTGGCCACAGCACTTAAACNNNNNNNNNNNNNNNNNNNNNNNNNN
japan18,asian,NNTGCACGCGATAGCATTGCGAGACGCTGGAGCCGGAGCACCCTATGTCGCAGTATCTGTCTTTGATTCCTGCCTCATCCTATTATTTATCGCACCTACGTTCAATATTACAGGCGAACNATACTTACTAAAGCGTATTAATTAATTAATGCTTGTAGGACATAATAATAACAATTGAATGTCTGCACAGCCGCTTTCCACACAGACATCATAACAAAAAATTTCCACCAAANNNCCCCCCCTCCCCCCGCTTCTGGCCACAGCACTTAAACANNNNNNNNNNNNNNNNNNNNNNNNN
japan19,asian,NNTGCACGCGATAGCATTGCGAGACGCTGGAGCCGGAGCACCCTATGTCGCAGTATCTGTCTTTGATTCCTGCCTCATCCTATTATTTATCGCACCTACGTTCAATATTACAGGCGAGCNATACCTACTAAAGTGTGTTAATTAATTAATGCTTGTAGGACATAATAATAACAATTGAATGTCTGCACAGCCGCTTTCCACACAGACATCATAACAAAAAATTTCCATCAAANNCCCCCCCCTCCCCCCGCTTCTGGCCACAGCACTTAAACNNNNNNNNNNNNNNNNNNNNNNNNNN
japan20,asian,NNTGCACGCGATAGCATTGCGAGACGCTGGAGCCGGAGCACCCTATGTCGCAGTATCTGTCTTTGATTCCTGCCTCATCCTATTATTTATCGCACCTACGTTCAATATTACAGGCGAACNATACTTACTAAAGTGTGTTAATTAATTAATGCTTGTAGGACATAATAATAACAATTGAATGTCTGCACAGCCGCTTTCCACACAGACATCATAACAAAAAATTTCCACCAAANNNCCCCCCCTCCCCCCGCTTCTGGCCACAGCACTTAAACANNNNNNNNNNNNNNNNNNNNNNNNN
japan21,asian,NNTGCACGCGATAGCATTGCGAGACGCTGGAGCCGGAGCACCCTATGTCGCAGTATCTGTCTTTGATTCCTGCCTCATTCTATTATTTATCGCACCTACGTTCAATATTACAGGCGAACNATACCTACTAAAGTGTGTTAATTGATTAATGCTTGTAGGACATAATAATAACAATTGAATGTCTGCACAGCCGCTTTCCACACAGACATCATAACAAAAAATTTCCACCAAANNCCCCCCCCTCCCCCCGCTTCTGGCCACAGCACTTAAACNNNNNNNNNNNNNNNNNNNNNNNNNN
japan22,asian,NNTGCACGCGATAGCATTGCGAGACGCTGGAGCCGGAGCACCCTATGTCGCAGTATCTGTCTTTGATTCCTGCCTCATTCTATTATTTATCGCACCTACGTTCAATATTACAGGCGAACNATACTTACCAAAGTGTGTTAATTAATTAATGCTTGTAGGACATAATAATAACAATTGAATGTCTGCACAGCCGCTTTCCACACAGACATCATAACAAAAAATTTCCACCAAANNCCCCCCCCTCCCCCCGCTTCTGGCCACAGCACTTAAACNNNNNNNNNNNNNNNNNNNNNNNNNN
japan23,asian,NNTGCACGCGATAGCATTGCGAGACGCTGGAGCCGGAGCACCCTATGTCGCAGTATCTGTCTTTGATTCCTGCCTCATTCTATTATTTATCGCACCTACGTTCAATATTACAGGCGAACNATACTTACTAAAGTGTGTTAATTAATTAATGCTTGTAGGACATAATAATAACAATTGAATGTCTGCACAGCCGCTTTCCACACAGACATCATAACAAAAAATTTCCACCAAANNNNCCCCCCTCCCCCCGCTTCTGGCCACAGCACTTAAACACNNNNNNNNNNNNNNNNNNNNNNNN
japan24,asian,NNTGCACGCGATAGCATTGCGAGACGCTGGAGCCGGAGCACCCTATGTCGCAGTATCTGTCTTTGATTCCTGCCTCATCCTATTATTTATCGCACCTACGTTCAATATTACAGGCGAACNATACTTACTAAAGTGTGTTAATTAATTAATGCTTGTAGGACATAATAATAACAATTGAATGTCTGCACAGCCGCTTTCCACACAGACATCATAACAAAAAATTTCCACCAAANNCCCCCCCCTCCCCCCGCTTCTGGCCACAGCACTTAAACNNNNNNNNNNNNNNNNNNNNNNNNNN
japan25,asian,NNTGCACGCGATAGCATTGCGAGACGCTGGAACCGGAGCACCCTATGTCGCAGTATCTGTCTTTGATTCCTGCCTCATCCTATTATTTATCGCACCTACGTTCAATATTACAGGCGAACNATACTTACCAAAGCGTGTTAATTAATTAATGCTTGTAGGACATAATAATAACAATTGAATGTCTGCACAGCCGCTTTCCACACAGACATCATAACAAAAAATTTCCACCAAANNCCCCCCCCTCCCCCCGCTTCTGGCCACAGCACTTAAACNNNNNNNNNNNNNNNNNNNNNNNNNN
japan26,asian,NNTGCACGCGATAGCATTGCGAGACGCTGGAGCCGGAGCACCCTATGTCGCAGTATCTGTCTTTGATTCCTGCCTCATCCTATTATTTATCGCACCTACGTTCAATATTACAGGCGAACNATACCTACTAAAGTGTGTTAATTAATTAATGCTTGTAGGACATAATAATAACAATTGAATGTCTGCACAGCCGCTTTCCACACAGACATCATAACAAAAAATTTCCACCAAANNCCCCCCCCTCCCCCCGCTTCTGGCCACAGCACTTAAACNNNNNNNNNNNNNNNNNNNNNNNNNN
japan27,asian,NNTGCACGCGATAGCATTGCGAAACGCTGGAGCCGGAGCACCCTATGTCGCAGTATCTGTCTTTGATTCCTGCCTCATCCTATTATTTATCGCACCTACGTTCAATATTACAGGCGAACNATATTTACTAAAGTGTGTTAATTAATTAATGCTTGTAGGACATAATAATAACAATTGAATGTCTGCACAGCCGCTTTCCACACAGACATCATAACAAAAAATTTCCACCAAANNCCCCCCCCTCCCCCCGCTTCTGGCCACAGCACTTAAACNNNNNNNNNNNNNNNNNNNNNNNNNN
japan28,asian,NNTGCACGCGATAGCATTGCGAGACGCTGGAGCCGGAGCACCCTATGTCGCAGTATCTGTCTTTGATTCCTGCCTCATCCTATTATTTATCGCACCTACGTTCAATATTACAGGCGAACNATACTTACTAAAGTGTGTTAATTAATTAATGCTTGTAGGACATAGTAATAACAATTGAATGTCTGCACAGCCGCTTTCCACACAGACATCATAACAAAAAATTTCCACCAAANNCCCCCCCCTCCCCCCGCTTCTGGCCACAGCACTTAAACNNNNNNNNNNNNNNNNNNNNNNNNNN
japan29,asian,NNTGCACGCGATAGCATTGCGAGACGCTGGAGCCGGAGCACCCTATGTCGCAGTATCTGTCTTTGATTCCTGCCTCATCCTATTATTTATCGCACCTACGTTCAATATTACAGGCGAACNATACTTACTAAAGTGTGTTAATTAATTAATGCTTGTAGGACATAATAATAACAATTGAATGTCTGCACAGCCGCTTTCCACACAGACATCATAACAAAAAATTTCCACCAAANNCCCCCCCCTCCCCCCGCTTCTGGCCACAGCACTTAAACNNNNNNNNNNNNNNNNNNNNNNNNNN
japan30,asian,NNTGCACGCGATAGCATTGCGAGACGCTGGAGCCGGAGCACCCTATGTCGCAGTATCTGTCTTTGATTCCTGCCTCATCCTATTATTTATCGCACCTACGTTCAATATTACAGGCGAACNATACTTACTAAAGTGTGTTAATTAATTAATGCTTGTAGGACATAATAATAACAATTGAATGTCTGCACAGCCGCTTTCCACACAGACATCATAACAAAAAATTTCCACCAAANNCCCCCCCCTCCCCCCGCTTCTGGCCACAGCACTTAAACNNNNNNNNNNNNNNNNNNNNNNNNNN
japan31,asian,NNTGCACGCGATAGCATTGCGAGACGCTGGAGCCGGAGCACCCTATGTCGCAGTATCTGTCTTTGATTCCTGCCTCATCCTATTATTTATCGCACCTACGTTCAATATTACAGGCGAACNATACTTACTAAAGTGTGTTAATTAATTAATGCTTGTAGGACATAATAATAACAATTGNATGTCTGCACAGCCGCTTTCCACACAGACATCATAACAAAAAATTTCCACCAAANNCCCCCCCCTCCCCCCGCTTCTGGCCACAGCACTTAAACANNNNNNNNNNNNNNNNNNNNNNNNN
japan32,asian,NNTGCACGCGATAGCATTGCGAGACGCTGGAGCCGGAGCACCCTATGTCGCAGTATCTGTCTTTGATTCCTGCCTCATCCTATTATTTATCGCACCTACGTTCAATATTACAGGCGAACNATACTTACTAAAGTGTGTTAATTAATTAATGCTTGTAGGACATAATAATAACAATTGAATGTCTGCACAGCCGCTTTCCACACAGACATCATAACAAAAAATTTCCACCAAANCCCCCCCCCTCCCCCCGCTTCTGGCCACAGCACTTAAANNNNNNNNNNNNNNNNNNNNNNNNNNN
japan33,asian,NNTGCACGCGATAGCATTGCGAGACGCTGGAGCCGGAGCACCCTATGTCGCAGTATCTGTCTTTGATTCCTGCCTCATCCTATTATTTATCGCACCTACGTTCAATATTACAGGCGAACNATACTTACTAAAGTGTGTTAATTAATTAATGCTTGTAGGACATAATAATAACAATTGAATGTCTGCACAGCCGCTTTCCACACAGACATCATAACAAAAAATTTCCACCAAANNCCCCCCCCTCCCCCCGCTTCTGGCCACAGCACTTAAACNNNNNNNNNNNNNNNNNNNNNNNNNN
japan34,asian,NNTGCACGCGATAGCATTGCGAGACGCTGGAGCCGGAGCACCCTATGTCGCAGTATCTGTCTTTGATTCCTGCCTCATTCCATTATTTATCGCACCTACGTTCAATATTACAGGCGAACNATACTTACCAAAGTGTGTTAATTAATTAATGCTTGTAGGACATAATAATAACAATTGAATGTCTGCACAGCCGCTTTCCACACAGACATCATAACAAAAAATTTCCACCAAANNNCCCCCCCTCCCCCCGCTTCTGGCCACAGCACTTAAACANNNNNNNNNNNNNNNNNNNNNNNNN
japan35,asian,NNTGCACGCGATAGCATTGCGAGACGCTGGAGCCGGAGCACCCTATGTCGCAGTATCTGTCTTTGATTCCTGCCTCATTCTATTATTTATCGCACCTACGTTCAATATTACAGGCGAACNATACCTACTAAAGTGTGTTAATTAATTAATGCTTGTAGGACATAATAATAACAATTGAATGTCTGCACAGCCGCTTTCCACACAGACATCATAACAAAAAATTTCCACCAAANCCCCCCCCCTCCCCCCGCTTCTGGCCACAGCACTTAAANNNNNNNNNNNNNNNNNNNNNNNNNNN
japan36,asian,NNTGCACGCGATAGCATTGCGAGACGCTGGAACCGGAGCACCCTATGTCGCAGTATCTGTCTTTGATTCCTGCCTCATCCTATTATTTATCGCACCTACGTTCAATATTACAGGCGAACNATACTTACTAAAGCGTGTTAATTAATTAATGCTTGTAGGACATAATAATAACAATTGAATGTCTGCACAGCCGCTTTCCACACAGACATCATAACAAAAAATTTCCACCAAANNNCCCCCCCTCCCCCCGCTTCTGGCCACAGCACTTAAACANNNNNNNNNNNNNNNNNNNNNNNNN
japan37,asian,NNTGCACGCGATAGCATTGCGAGACGCTGGAGCCGGAGCACCCTATGTCGCAGTATCTGTCTTTGATTCCTGCCTCATCCTATTATTTATCGCACCTACGTTCAATATTACAGGCGAACAATATTTACCAAAGTGTATTAATTAATTAATGCTTGTAGGACATAATAATAACAATTGAATGTCTGCACAGCCGCTTTCCACACAGACATCATAACAAAAAATTTCCACCAAANNNCCCCCCCTCCCCCTGCTTCTGGCCACAGCACTTAAACNNNNNNNNNNNNNNNNNNNNNNNNNN
japan38,asian,NNTGCACGCGATAGCATTGCGAGACGCTGGAGCCGGAGCACCCTATGTCGCAGTATCTGTCTTTGATTCCTGCCTCATCCTATTATTTATCGCACCTACGTTCAATATTACAGGCGAACNATACTTACTAAAGTGTGTTAATTAATTAATGCTTGTAGGACATAATAATAACAATTGAATGTCTGCACAGCCGCTTTCCACACAGACATTATAACAAAAAATTTCCACCAAANNNCCCCCCCTCCCCCCGCTTCTGGCCACAGCACTTAAACANNNNNNNNNNNNNNNNNNNNNNNNN
japan39,asian,NNTGCACGCGATAGCATTGCGAGACGCTGGAGCCGGAGCACCCTATGTCGCAGTATCTGTCTTTGATTCCTGCCTCATCCTATTATTTATCGCACCTACGTTCAATATTACAGGCGAACNATACTTACCAAAGTGTGTTAATTAATTAATGCTTGTAGGACATAATAATAACAATTGAATGTCTGCACAGCCGCTTTCCACACAGACATCATAACAAAAAATTTCCACCAAANNCCCCCCCCTCCCCCCGCTTCTGGCCACAGCACTTAAACNNNNNNNNNNNNNNNNNNNNNNNNNN
japan40,asian,NNTGCACGCGATAGCATTGCGAGACGCTGGAACCGGAGCACCCTATGTCGCAGTATCTGTCTTTGATTCCTGCCTCATCCTATTATTTATCGCACCTACGTTCAATATTACAGGCGAACNATACTTACCAAAGCGTGTTAATTAATTAATGCTTGTAGGACATAATAATAACAATTGAATGTCTGCACAGCCGCTTTCCACACAGACATCATAACAAAAAATTTCCACCAAANCCCCCCCCCTCCCCCCGCTTCTGGCCACAGCACTTAAANNNNNNNNNNNNNNNNNNNNNNNNNNN
japan41,asian,NNTGCACGCGATAGCATTGCGAGACGCTGGAGCCGGAGCACCCTATGTCGCAGTATCTGTCTTTGATTCCTGCCTCATTCTATTATTTATCGCACCTACGTTCAATATTACAGGCGAACNATACTTACTAAAGTGTGTTAATTAATTAATGCTTGTAGGACATAATAATAACAATTGAATGTCTGCACAGCCGCTTTCCACACAGACATCGTAACAAAAAATTTCCACCAAACCCCCCCCCCTCCCCCCGCTTCTGGCCACAGCACTTAANNNNNNNNNNNNNNNNNNNNNNNNNNNN
japan42,asian,NNTGCACGCGATAGCATTGCGAGACGCTGGAGCCGGAGCACCCTATGTCGCAGTATCTGTCTTTGATTCCTGCCTCATCCTATTATTTATCGCACCTACGTTCAATATTACAGGCGAACNATACTTACTAAAGTGTGTTAATTAATTAATGCTTGTAGGACATAGTAATAACAATTGAATGTCTGCACAGCCGCTTTCCACACAGACATCATAACAAAAAATTTCCACCAAANNCCCCCCCCTCCCCCCGCTTCTGGCCACAGCACTTAAACNNNNNNNNNNNNNNNNNNNNNNNNNN
japan43,asian,NNTGCACGCGATAGCATTGCGAGACGCTGGAGCCGGAGCACCCTATGTCGCAGTATCTGTCTTTGATTCCTGCCTCATCCTATTATTTATCGCACCTACGTTCAATATTACAGGCGAACAATATTTACCAAAGTGTATTAATTAATTAATGCTTGTAGGACATAATAATAACAATTGAATGTCTGCACAGCCGCTTTCCACACAGACATCATAACAAAAAATTTCCACCAAANCCCCCCCCCTCCCCCCGCTTCTGGCCACAGCACTTAANNNNNNNNNNNNNNNNNNNNNNNNNNNN
japan44,asian,NNTGCACGCGATAGCATTGCGAGACGCTGGAGCCGGAGCACCCTATGTCGCAGTATCTGTCTTTGATTCCTGCCCCATCCTATTATTTATCGCACCTACGTTCAATATTACAGGCGAACNATATTTACTAAAGTGTGTTAATTAATTAATGCTTGTAGGACATAATAATAACAATTGAATGTCTGCACAGCCGCTTTCCACACAGACATCATAACAAAAAATTTCCACCAAANNCCCCCCCCTCCCCCCGCTTCTGGCCACAGCACTTAAACNNNNNNNNNNNNNNNNNNNNNNNNNN
japan45,asian,NNTGCACGCGATAGCATTGCGAGACGCTGGAGCCGGAGCACCCTATGTCGCAGTATCTGTCTTTGATTCCTGCCTCATCCTATTATTTATCGCACCTACGTTCAATATTACAGGCGAACNATATTTACTAAAGTGTGTTAATTAATTAATGCTTGTAGGACATAATAATAACAATTGAATGTCTGCACAGCCGCTTTCCACACAGACATCATAACAAAAAATTTCCACCAAANNCCCCCCCCTCCCCCCGCTTCTGGCCACAGCACTTAAACNNNNNNNNNNNNNNNNNNNNNNNNNN
japan46,asian,NNTGCACGCGATAGCATTGCGAGACGCTGGAGCCGGAGCACCCTATGTCGCAGTATCTGTCTTTGATTCCTGCCTCATCCTATTATTTATCGCACCTACGTTCAATATTACAGGCGAACNATACTTACTAAAGTGTGTTAATTAATTAATGCTTGTAGGACATAATAATAACAATTGAATGTCTGCACAGCCGCTTTCCACACAGACATCATAACAAAAAATTTCCACCAAANNNCCCCCCCTCCCCCCGCTTCTGGCCACAGCACTTAAACANNNNNNNNNNNNNNNNNNNNNNNNN
japan47,asian,NNTGCACGCGATAGCATTGCGAGACGCTGGAGCCGGAGCACCCTATGTCGCAGTATCTGTCTTTGATTCCTGCCTCATTCTATTATTTATCGCACCTACGTTCAATATTACAGGCGAACNATACTTACTAAAGTGTGTTAATTAATTAATGCTTGTAGGACATAATAATAACAATTGAATGTCTGCACAGCCGCTTTCCACACAGACATCATAACAAAAAATTTCCACCAAANNCCCCCCCCTCCCCCCGCTTCTGGCCACAGCACTTAAACNNNNNNNNNNNNNNNNNNNNNNNNNN
japan48,asian,NNTGCACGCGATAGCATTGCGAGACGCTGGAGCCGGAGCACCCTATGTCGCAGTATCTGTCTTTGATTCCTGCCTCATCCCATTATTTATCGCACCTACGTTCAATATTACAGGCGAACNATACTTACTAAAGTGTGTTAATTAATTAATGCTTGTAGGACATAATAATAACAATTGAATGTCTGCACAGCCGCTTTCCACACAGACATCATAACAAAAAATTTCCACCAAANCCCCCCCCCTCCCCCCGCTTCTGGCCACAGCACTTAAANNNNNNNNNNNNNNNNNNNNNNNNNNN
japan49,asian,NNTGCACGCGATAGCATTGCGAGACGCTGGAGCCGGAGCACCCTATGTCGCAGTATCTGTCTTTGATTCCTGCCTCATTCTATTATTTATCGCACCTACGTTCAATATTACAGGCGAACNATACTTACCAAAGCGTGTTAATTAATTAATGCTTGTAGGACATAATAATAACAATTGAATGTCTGCACAGCCGCTTTCCACACAGACATCATAACAAAAAATTTCCACCAAANCCCCCCCCCTCCCCCCGCTTCTGGCCACAGCACTTAAANNNNNNNNNNNNNNNNNNNNNNNNNNN
japan50,asian,NNTGCACGCGATAGCATTGCGAGACGCTGGAGCCGGAGCACCCTATGTCGCAGTATCTGTCTTTGATTCCTGCCTCATCCTATTATTTATCGCACCTACGTTCAATATTACAGGCGAACNATACTTACTAAAGTGTGTTAATTAATTAATGCTTGTAGGACATAATAATAACAATTGAATGTCTGCACAGCCGCTTTCCACACAGACATCATAACAAAAAATTTCCACCAAANCCCCCCCCCTCCCCCCGCTTCTGGCCACAGCACTTAAANNNNNNNNNNNNNNNNNNNNNNNNNNN
india1,asian,NNTGCACGCGATAGCATTGCGAGACGCTGGAGCCGGAGCACCCTATGTCGCAGTATCTGTCTTTGATTCCTGCCCCATCCCATTATTTATCGCACCTACGTTCAATATTATAGGCGAACNATACCTACTAAAGTGTGTTAATTAATTAATGCTTGTAGGACATAATAATAACAATTGAATGTCTGCACAGCCGCTTTCCACACAGACATCATAACAAAAAATTTCCACCAAANNNCCCCCCCTCCCCCCGCTTCTGGCCACAGCACTTAAACANNNNNNNNNNNNNNNNNNNNNNNNN
india2,asian,NNTGCACGCGATAGCATTGCGAGACGCTGGAGCCGGAGCACCCTATGTCGCAGTATCTGTCTTTGATTCCTGCCCCATCCCATTATTTATCGCACCTACGTTCAATATTATAGGCGAACNATACCTACTAAAGTGTGTTAATTAATTAATGCTTGTAGGACATAATAATAACAATTGAATGTCTGCACAGCCGCTTTCCACACAGACATCATAACAAAAAATTTCCACCAAANNNNCCCCCCCTCCCCCGCTTCTGGCCACAGCACTTAAACACNNNNNNNNNNNNNNNNNNNNNNNN
india3,asian,NNTGCACGCGATAGCATTGCGAGACGCTGGAGCCGGAGCACCCTATGTCGCAGTATCTGTCTTTGATTCCTGCCCCATCCCATTATTTATCGCACCTACGTTCAATATTATAGGCGAACNATACCTACTAAAGTGTGTTAATTAATTAATGCTTGTAGGACATAATAATAACAATTGAATGTCTGCACAGCCGCTTTCCACACAGACATCATAACAAAAAATTTCCACCAAANNNNCCCCCCCTCCCCCGCTTCTGGCCACAGCACTTAAACACNNNNNNNNNNNNNNNNNNNNNNNN
india4,asian,NNTGCACGCGATAGCATTGCGAGACGCTGGAGCCGGAGCACCCTATGTCGCAGTATCTGTCTTTGATTCCTGCCCCATCCCATTATTTATCGCACCTACGTTCAATATTATAGGCGAACNATACCTACTAAAGTGTGTTAATTAATTAATGCTTGTAGGACATAATAATAACAATTGAATGTCTGCACAGCCGCTTTCCACACAGACATCATAACAAAAAATTTCCACCAAANNNNCCCCCCCTCCCCCGCTTCTGGCCACAGCACTTAAACACNNNNNNNNNNNNNNNNNNNNNNNN
india5,asian,NNTGCACGCGATAGCATTGCGAGACGCTGGAGCCGGAGCACCCTATGTCGCAGTATCTGTCTTTGATTCCTGCCCCATCCCATTATTTATCGCACCTACGTTCAATATTATAGGCGAACNATACCTACTAAAGTGTGTTAATTAATTAATGCTTGTAGGACATAATAATAACAATTGAATGTCTGCACAGCCGCTTTCCACACAGACATCATAACAAAAAATTTCCACCAAANNNNCCCCCCCTCCCCCGCTTCTGGCCACAGCACTTAAACACNNNNNNNNNNNNNNNNNNNNNNNN
india6,asian,NNTGCACGCGATAGCATTGCGAGACGCTGGAGCCGGAGCACCCTATGTCGCAGTATCTGTCTTTGATTCCTGCCCCATCCCATTATTTATCGCACCTACGTTCAATATTATAGGCGAACNATACCTACTAAAGTGTGTTAATTAATTAATGCTTGTAGGACATAATAATAACAATTGAATGTCTGCACAGCCGCTTTCCACACAGACATCATAACAAAAAATTTCCACCAAANNNNCCCCCCCTCCCCCGCTTCTGGCCACAGCACTTAAACACNNNNNNNNNNNNNNNNNNNNNNNN
india7,asian,NNTGCACGCGATAGCATTGCGAGACGCTGGAGCCGGAGCACCCTATGTCGCAGTATCTGTCTTTGATTCCTGCCCCATCCCATTATTTATCGCACCTACGTTCAATATTATAGGCGAACNATACCTACTAAAGTGTGTTAATTAATTAATGCTTGTAGGACATAATAATAACAATTGAATGTCTGCACAGCCGCTTTCCACACAGACATCATAACAAAAAATTTCCACCAAANNNNCCCCCCCTCCCCCGCTTCTGGCCACAGCACTTAAACACNNNNNNNNNNNNNNNNNNNNNNNN
india8,asian,NNTGCACGCGATAGCATTGCGAGACGCTGGAGCCGGAGCACCCTATGTCGCAGTATCTGTCTTTGATTCCTGCCCCATCCCATTATTTATCGCACCTACGTTCAATATTATAGGCGAACNATACCTACTAAAGTGTGTTAATTAATTAATGCTTGTAGGACATAATAATAACAATTGAATGTCTGCACAGCCGCTTTCCACACAGACATCATAACAAAAAATTTCCACCAAANNNNCCCCCCCTCCCCCGCTTCTGGCCACAGCACTTAAACACNNNNNNNNNNNNNNNNNNNNNNNN
india9,asian,NNTGCACGCGATAGCATTGCGAGACGCTGGAGCCGGAGCACCCTATGTCGCAGTATCTGTCTTTGATTCCTGCCCCATCCCATTATTTATCGCACCTACGTTCAATATTATAGGCGAACNATACCTACTAAAGTGTGTTAATTAATTAATGCTTGTAGGACATAATAATAACAATTGAATGTCTGCACAGCCGCTTTCCACACAGACATCATAACAAAAAATTTCCACCAAANNNNCCCCCCCTCCCCCGCTTCTGGCCACAGCACTTAAACACNNNNNNNNNNNNNNNNNNNNNNNN
india10,asian,NNTGCACGCGATAGCATTGCGAGACGCTGGAGCCGGAGCACCCTATGTCGCAGTATCTGTCTTTGATTCCTGCCCCATCCCATTATTTATCGCACCTACGTTCAATATTATAGGCGAACNATACCTACTAAAGTGTGTTAATTAATTAATGCTTGTAGGACATAATAATAACAATTGAATGTCTGCACAGCCGCTTTCCACACAGACATCATAACAAAAAATTTCCACCAAANNNNCCCCCCCTCCCCCGCTTCTGGCCACAGCACTTAAACACNNNNNNNNNNNNNNNNNNNNNNNN
india11,asian,NNTGCACGCGATAGCATTGCGAGACGCTGGAGCCGGAGCACCCTATGTCGCAGTATCTGTCTTTGATTCCTGCCCCATCCCATTATTTATCGCACCTACGTTCAATATTATAGGCGAACNATACCTACTAAAGTGTGTTAATTAATTAATGCTTGTAGGACATAATAATAACAATTGAATGTCTGCACAGCCGCTTTCCACACAGACATCATAACAAAAAATTTCCACCAAANNNCCCCCCCTCCCCCCGCTTCTGGCCACAGCACTTAAACANNNNNNNNNNNNNNNNNNNNNNNNN
india12,asian,NNTGCACGCGATAGCATTGCGAGACGCTGGAGCCGGAGCACCCTATGTCGCAGTATCTGTCTTTGATTCCTGCCCCATCCCATTATTTATCGCACCTACGTTCAATATTATAGGCGAACNATACCTACTAAAGTGTGTTAATTAATTAATGCTTGTAGGACATAATAATAACAATTGAATGTCTGCACAGCCGCTTTCCACACAGACATCATAACAAAAAATTTCCACCAAANNNNCCCCCCCTCCCCCGCTTCTGGCCACAGCACTTAAACACNNNNNNNNNNNNNNNNNNNNNNNN
india13,asian,NNTGCACGCGATAGCATTGCGAGACGCTGGAGCCGGAGCACCCTATGTCGCAGTATCTGTCTTTGATTCCTGCCCCATCCCATTATTTATCGCACCTACGTTCAATATTATAGGCGAACNATACCTACTAAAGTGTGTTAATTAATTAATGCTTGTAGGACATAATAATAACAATTGAATGTCTGCACAGCCGCTTTCCACACAGACATCATAACAAAAAATTTCCACCAAANNNCCCCCCCTCCCCCCGCTTCTGGCCACAGCACTTAAACANNNNNNNNNNNNNNNNNNNNNNNNN
india14,asian,NNTGCACGCGATAGCATTGCGAGACGCTGGAGCCGGAGCACCCTATGTCGCAGTATCTGTCTTTGATTCCTGCCCCATCCCATTATTTATCGCACCTACGTTCAATATTATAGGCGAACNATACCTACTAAAGTGTGTTAATTAATTAATGCTTGTAGGACATAATAATAACAATTGAATGTCTGCACAGCCGCTTTCCACACAGACATCATAACAAAAAATTTCCACCAAANNNCCCCCCCTCCCCCCGCTTCTGGCCACAGCACTTAAACANNNNNNNNNNNNNNNNNNNNNNNNN
india15,asian,NNTGCACGCGATAGCATTGCGAGACGCTGGAGCCGGAGCACCCTATGTCGCAGTATCTGTCTTTGATTCCTGCCCCATCCCATTATTTATCGCACCTACGTTCAATATTATAGGCGAACNATACCTACTAAAGTGTGTTAATTAATTAATGCTTGTAGGACATAATAATAACAATTGAATGTCTGCACAGCCGCTTTCCACACAGACATCATAACAAAAAATTTCCACCAAANNNCCCCCCCTCCCCCCGCTTCTGGCCACAGCACTTAAACANNNNNNNNNNNNNNNNNNNNNNNNN
india16,asian,NNTGCACGCGATAGCATTGCGAGACGCTGGAGCCGGAGCACCCTATGTCGCAGTATCTGTCTTTGATTCCTGCCCCATCCCATTATTTATCGCACCTACGTTCAATATTATAGGCGAACNATACCTACTAAAGTGTGTTAATTAATTAATGCTTGTAGGACATAATAATAACAATTGAATGTCTGCACAGCCGCTTTCCACACAGACATCATAACAAAAAATTTCCACCAAANNNCCCCCCCTCCCCCCGCTTCTGGCCACAGCACTTAAACANNNNNNNNNNNNNNNNNNNNNNNNN
india17,asian,NNTGCACGCGATAGCATTGCGAGACGCTGGAGCCGGAGCACCCTATGTCGCAGTATCTGTCTTTGATTCCTGCCCCATCCCATTATTTATCGCACCTACGTTCAATATTATAGGCGAACNATACCTACTAAAGTGTGTTAATTAATTAATGCTTGTAGGACATAATAATAACAATTGAATGTCTGCACAGCCGCTTTCCACACAGACATCATAACAAAAAATTTCCACCAAANNNNCCCCCCCTCCCCCGCTTCTGGCCACAGCACTTAAACACNNNNNNNNNNNNNNNNNNNNNNNN
india18,asian,NNTGCACGCGATAGCATTGCGAGACGCTGGAGCCGGAGCACCCTATGTCGCAGTATCTGTCTTTGATTCCTGCCCCATCCCATTATTTATCGCACCTACGTTCAATATTATAGGCGAACNATACCTACTAAAGTGTGTTAATTAATTAATGCTTGTAGGACATAATAATAACAATTGAATGTCTGCACAGCCGCTTTCCACACAGACATCATAACAAAAAATTTCCACCAAANNNNCCCCCCCTCCCCCGCTTCTGGCCACAGCACTTAAACACNNNNNNNNNNNNNNNNNNNNNNNN
india19,asian,NNTGCACGCGATAGCATTGCGAGACGCTGGAGCCGGAGCACCCTATGTCGCAGTATCTGTCTTTGATTCCTGCCCCATCCCATTATTTATCGCACCTACGTTCAATATTATAGGCGAACNATACCTACTAAAGTGTGTTAATTAATTAATGCTTGTAGGACATAATAATAACAATTGAATGTCTGCACAGCCGCTTTCCACACAGACATCATAACAAAAAATTTCCACCAAANNNCCCCCCCTCCCCCCGCTTCTGGCCACAGCACTTAAACANNNNNNNNNNNNNNNNNNNNNNNNN
india20,asian,NNTGCACGCGATAGCATTGCGAGACGCTGGAGCCGGAGCACCCTATGTCGCAGTATCTGTCTTTGATTCCTGCCCCATCCCATTATTTATCGCACCTACGTTCAATATTATAGGCGAACNATACCTACTAAAGTGTGTTAATTAATTAATGCTTGTAGGACATAATAATAACAATTGAATGTCTGCACAGCCGCTTTCCACACAGACATCATAACAAAAAATTTCCACCAAANNNCCCCCCCTCCCCCCGCTTCTGGCCACAGCACTTAAACANNNNNNNNNNNNNNNNNNNNNNNNN
india21,asian,NNTGCACGCGATAGCATTGCGAGACGCTGGAGCCGGAGCACCCTATGTCGCAGTATCTGTCTTTGATTCCTGCCCCATCCCATTATTTATCGCACCTACGTTCAATATTATAGGCGAACNATACCTACTAAAGTGTGTTAATTAATTAATGCTTGTAGGACATAATAATAACAATTGAATGTCTGCACAGCCGCTTTCCACACAGACATCATAACAAAAAATTTCCACCAAANNNCCCCCCCTCCCCCCGCTTCTGGCCACAGCACTTAAACANNNNNNNNNNNNNNNNNNNNNNNNN
india22,asian,NNTGCACGCGATAGCATTGCGAGACGCTGGAGCCGGAGCACCCTATGTCGCAGTATCTGTCTTTGATTCCTGCCCCATCCCATTATTTATCGCACCTACGTTCAATATTATAGGCGAACNATACCTACTAAAGTGTGTTAATTAATTAATGCTTGTAGGACATAATAATAACAATTGAATGTCTGCACAGCCGCTTTCCACACAGACATCATAACAAAAAATTTCCACCAAANNNCCCCCCCTCCCCCCGCTTCTGGCCACAGCACTTAAACANNNNNNNNNNNNNNNNNNNNNNNNN
india23,asian,NNTGCACGCGATAGCATTGCGAGACGCTGGAGCCGGAGCACCCTATGTCGCAGTATCTGTCTTTGATTCCTGCCCCATCCCATTATTTATCGCACCTACGTTCAATATTATAGGCGAACNATACCTACTAAAGTGTGTTAATTAATTAATGCTTGTAGGACATAATAATAACAATTGAATGTCTGCACAGCCGCTTTCCACACAGACATCATAACAAAAAATTTCCACCAAANNNCCCCCCCTCCCCCCGCTTCTGGCCACAGCACTTAAACANNNNNNNNNNNNNNNNNNNNNNNNN
india24,asian,NNTGCACGCGATAGCATTGCGAGACGCTGGAGCCGGAGCACCCTATGTCGCAGTATCTGTCTTTGATTCCTGCCCCATCCCATTATTTATCGCACCTACGTTCAATATTATAGGCGAACNATACCTACTAAAGTGTGTTAATTAATTAATGCTTGTAGGACATAATAATAACAATTGAATGTCTGCACAGCCGCTTTCCACACAGACATCATAACAAAAAATTTCCACCAAANNNCCCCCCCTCCCCCCGCTTCTGGCCACAGCACTTAAACANNNNNNNNNNNNNNNNNNNNNNNNN
india25,asian,NNTGCACGCGATAGCATTGCGAGACGCTGGAGCCGGAGCACCCTATGTCGCAGTATCTGTCTTTGATTCCTGCCCCATCCCATTATTTATCGCACCTACGTTCAATATTATAGGCGAACNATACCTACTAAAGTGTGTTAATTAATTAATGCTTGTAGGACATAATAATAACAATTGAATGTCTGCACAGCCGCTTTCCACACAGACATCATAACAAAAAATTTCCACCAAANNNCCCCCCCTCCCCCCGCTTCTGGCCACAGCACTTAAACANNNNNNNNNNNNNNNNNNNNNNNNN
india26,asian,NNTGCACGCGATAGCATTGCGAGACGCTGGAGCCGGAGCACCCTATGTCGCAGTATCTGTCTTTGATTCCTGCCCCATCCCATTATTTATCGCACCTACGTTCAATATTATAGGCGAACNATACCTACTAAAGTGTGTTAATTAATTAATGCTTGTAGGACATAATAATAACAATTGAATGTCTGCACAGCCGCTTTCCACACAGACATCATAACAAAAAATTTCCACCAAANNNCCCCCCCTCCCCCCGCTTCTGGCCACAGCACTTAAACANNNNNNNNNNNNNNNNNNNNNNNNN
india27,asian,NNTGCACGCGATAGCATTGCGAGACGCTGGAGCCGGAGCACCCTATGTCGCAGTATCTGTCTTTGATTCCTGCCCCATCCCATTATTTATCGCACCTACGTTCAATATTATAGGCGAACNATACCTACTAAAGTGTGTTAATTAATTAATGCTTGTAGGACATAATAATAACAATTGAATGTCTGCACAGCCGCTTTCCACACAGACATCATAACAAAAAATTTCCACCAAANNNCCCCCCCTCCCCCCGCTTCTGGCCACAGCACTTAAACANNNNNNNNNNNNNNNNNNNNNNNNN
india28,asian,NNTGCACGCGATAGCATTGCGAGACGCTGGAGCCGGAGCACCCTATGTCGCAGTATCTGTCTTTGATTCCTGCCCCATCCCATTATTTATCGCACCTACGTTCAATATTATAGGCGAACNATACCTACTAAAGTGTGTTAATTAATTAATGCTTGTAGGACATAATAATAACAATTGAATGTCTGCACAGCCGCTTTCCACACAGACATCATAACAAAAAATTTCCACCAAANNNCCCCCCCTCCCCCCGCTTCTGGCCACAGCACTTAAACANNNNNNNNNNNNNNNNNNNNNNNNN
india29,asian,NNTGCACGCGATAGCATTGCGAGACGCTGGAGCCGGAGCACCCTATGTCGCAGTATCTGTCTTTGATTCCTGCCCCATCCCATTATTTATCGCACCTACGTTCAATATTATAGGCGAACNATACCTACTAAAGTGTGTTAATTAATTAATGCTTGTAGGACATAATAATAACAATTGAATGTCTGCACAGCCGCTTTCCACACAGACATCATAACAAAAAATTTCCACCAAANNNCCCCCCCTCCCCCCGCTTCTGGCCACAGCACTTAAACANNNNNNNNNNNNNNNNNNNNNNNNN
india30,asian,NNTGCACGCGATAGCATTGCGAGACGCTGGAGCCGGAGCACCCTATGTCGCAGTATCTGTCTTTGATTCCTGCCCCATCCCATTATTTATCGCACCTACGTTCAATATTATAGGCGAACNATACCTACTAAAGTGTGTTAATTAATTAATGCTTGTAGGACATAATAATAACAATTGAATGTCTGCACAGCCGCTTTCCACACAGACATCATAACAAAAAATTTCCACCAAANNNCCCCCCCTCCCCCCGCTTCTGGCCACAGCACTTAAACANNNNNNNNNNNNNNNNNNNNNNNNN
india31,asian,NNTGCACGCGATAGCATTGCGAGACGCTGGAGCCGGAGCACCCTATGTCGCAGTATCTGTCTTTGATTCCTGCCCCATCCCATTATTTATCGCACCTACGTTCAATATTATAGGCGAACNATACCTACTAAAGTGTGTTAATTAATTAATGCTTGTAGGACATAATAATAACAATTGAATGTCTGCACAGCCGCTTTCCACACAGACATCATAACAAAAAATTTCCACCAAANNNCCCCCCCTCCCCCCGCTTCTGGCCACAGCACTTAAACANNNNNNNNNNNNNNNNNNNNNNNNN
india32,asian,NNTGCACGCGATAGCATTGCGAGACGCTGGAGCCGGAGCACCCTATGTCGCAGTATCTGTCTTTGATTCCTGCCCCATCCCATTATTTATCGCACCTACGTTCAATATTATAGGCGAACNATACCTACTAAAGTGTGTTAATTAATTAATGCTTGTAGGACATAATAATAACAATTGAATGTCTGCACAGCCGCTTTCCACACAGACATCATAACAAAAAATTTCCACCAAANNNCCCCCCCTCCCCCCGCTTCTGGCCACAGCACTTAAACANNNNNNNNNNNNNNNNNNNNNNNNN
india33,asian,NNTGCACGCGATAGCATTGCGAGACGCTGGAGCCGGAGCACCCTATGTCGCAGTATCTGTCTTTGATTCCTGCCCCATCCCATTATTTATCGCACCTACGTTCAATATTATAGGCGAACNATACCTACTAAAGTGTGTTAATTAATTAATGCTTGTAGGACATAATAATAACAATTGAATGTCTGCACAGCCGCTTTCCACACAGACATCATAACAAAAAATTTCCACCAAANNNCCCCCCCTCCCCCCGCTTCTGGCCACAGCACTTAAACANNNNNNNNNNNNNNNNNNNNNNNNN
india34,asian,NNTGCACGCGATAGCATTGCGAGACGCTGGAGCCGGAGCACCCTATGTCGCAGTATCTGTCTTTGATTCCTGCCCCATCCCATTATTTATCGCACCTACGTTCAATATTATAGGCGAACNATACCTACTAAAGTGTGTTAATTAATTAATGCTTGTAGGACATAATAATAACAATTGAATGTCTGCACAGCCGCTTTCCACACAGACATCATAACAAAAAATTTCCACCAAANNNCCCCCCCTCCCCCCGCTTCTGGCCACAGCACTTAAACANNNNNNNNNNNNNNNNNNNNNNNNN
india35,asian,NNTGCACGCGATAGCATTGCGAGACGCTGGAGCCGGAGCACCCTATGTCGCAGTATCTGTCTTTGATTCCTGCCCCATCCCATTATTTATCGCACCTACGTTCAATATTATAGGCGAACNATACCTACTAAAGTGTGTTAATTAATTAATGCTTGTAGGACATAATAATAACAATTGAATGTCTGCACAGCCGCTTTCCACACAGACATCATAACAAAAAATTTCCACCAAANNNCCCCCCCTCCCCCCGCTTCTGGCCACAGCACTTAAACANNNNNNNNNNNNNNNNNNNNNNNNN
india36,asian,NNTGCACGCGATAGCATTGCGAGACGCTGGAGCCGGAGCACCCTATGTCGCAGTATCTGTCTTTGATTCCTGCCCCATCCCATTATTTATCGCACCTACGTTCAATATTATAGGCGAACNATACCTACTAAAGTGTGTTAATTAATTAATGCTTGTAGGACATAATAATAACAATTGAATGTCTGCACAGCCGCTTTCCACACAGACATCATAACAAAAAATTTCCACCAAANNNCCCCCCCTCCCCCCGCTTCTGGCCACAGCACTTAAACANNNNNNNNNNNNNNNNNNNNNNNNN
india37,asian,NNTGCACGCGATAGCATTGCGAGACGCTGGAGCCGGAGCACCCTATGTCGCAGTATCTGTCTTTGATTCCTGCCCCATCCCATTATTTATCGCACCTACGTTCAATATTATAGGCGAACNATACCTACTAAAGTGTGTTAATTAATTAATGCTTGTAGGACATAATAATAACAATTGAATGTCTGCACAGCCGCTTTCCACACAGACATCATAACAAAAAATTTCCACCAAANNNCCCCCCCTCCCCCCGCTTCTGGCCACAGCACTTAAACANNNNNNNNNNNNNNNNNNNNNNNNN
india38,asian,NNTGCACGCGATAGCATTGCGAGACGCTGGAGCCGGAGCACCCTATGTCGCAGTATCTGTCTTTGATTCCTGCCCCATCCCATTATTTATCGCACCTACGTTCAATATTATAGGCGAACNATACCTACTAAAGTGTGTTAATTAATTAATGCTTGTAGGACATAATAATAACAATTGAATGTCTGCACAGCCGCTTTCCACACAGACATCATAACAAAAAATTTCCACCAAANNNCCCCCCCTCCCCCCGCTTCTGGCCACAGCACTTAAACANNNNNNNNNNNNNNNNNNNNNNNNN
india39,asian,NNTGCACGCGATAGCATTGCGAGACGCTGGAGCCGGAGCACCCTATGTCGCAGTATCTGTCTTTGATTCCTGCCCCATCCCATTATTTATCGCACCTACGTTCAATATTATAGGCGAACNATACCTACTAAAGTGTGTTAATTAATTAATGCTTGTAGGACATAATAATAACAATTGAATGTCTGCACAGCCGCTTTCCACACAGACATCATAACAAAAAATTTCCACCAAANNNCCCCCCCTCCCCCCGCTTCTGGCCACAGCACTTAAACANNNNNNNNNNNNNNNNNNNNNNNNN
india40,asian,NNTGCACGCGATAGCATTGCGAGACGCTGGAGCCGGAGCACCCTATGTCGCAGTATCTGTCTTTGATTCCTGCCCCATCCCATTATTTATCGCACCTACGTTCAATATTATAGGCGAACNATACCTACTAAAGTGTGTTAATTAATTAATGCTTGTAGGACATAATAATAACAATTGAATGTCTGCACAGCCGCTTTCCACACAGACATCATAACAAAAAATTTCCACCAAANNNCCCCCCCTCCCCCCGCTTCTGGCCACAGCACTTAAACANNNNNNNNNNNNNNNNNNNNNNNNN
india41,asian,NNTGCACGCGATAGCATTGCGAGACGCTGGAGCCGGAGCACCCTATGTCGCAGTATCTGTCTTTGATTCCTGCCCCATCCCATTATTTATCGCACCTACGTTCAATATTATAGGCGAACNATACCTACTAAAGTGTGTTAATTAATTAATGCTTGTAGGACATAATAATAACAATTGAATGTCTGCACAGCCGCTTTCCACACAGACATCATAACAAAAAATTTCCACCAAANNNCCCCCCCTCCCCCCGCTTCTGGCCACAGCACTTAAACANNNNNNNNNNNNNNNNNNNNNNNNN
india42,asian,NNTGCACGCGATAGCATTGCGAGACGCTGGAGCCGGAGCACCCTATGTCGCAGTATCTGTCTTTGATTCCTGCCCCATCCCATTATTTATCGCACCTACGTTCAATATTATAGGCGAACNATACCTACTAAAGTGTGTTAATTAATTAATGCTTGTAGGACATAATAATAACAATTGAATGTCTGCACAGCCGCTTTCCACACAGACATCATAACAAAAAATTTCCACCAAANNNCCCCCCCTCCCCCCGCTTCTGGCCACAGCACTTAAACANNNNNNNNNNNNNNNNNNNNNNNNN
india43,asian,NNTGCACGCGATAGCATTGCGAGACGCTGGAGCCGGAGCACCCTATGTCGCAGTATCTGTCTTTGATTCCTGCCCCATCCCATTATTTATCGCACCTACGTTCAATATTATAGGCGAACNATACCTACTAAAGTGTGTTAATTAATTAATGCTTGTAGGACATAATAATAACAATTGAATGTCTGCACAGCCGCTTTCCACACAGACATCATAACAAAAAATTTCCACCAAANNNCCCCCCCTCCCCCCGCTTCTGGCCACAGCACTTAAACANNNNNNNNNNNNNNNNNNNNNNNNN
india44,asian,NNTGCACGCGATAGCATTGCGAGACGCTGGAGCCGGAGCACCCTATGTCGCAGTATCTGTCTTTGATTCCTGCCCCATCCCATTATTTATCGCACCTACGTTCAATATTATAGGCGAACNATACCTACTAAAGTGTGTTAATTAATTAATGCTTGTAGGACATAATAATAACAATTGAATGTCTGCACAGCCGCTTTCCACACAGACATCATAACAAAAAATTTCCACCAAANNNCCCCCCCTCCCCCCGCTTCTGGCCACAGCACTTAAACANNNNNNNNNNNNNNNNNNNNNNNNN
india45,asian,NNTGCACGCGATAGCATTGCGAGACGCTGGAGCCGGAGCACCCTATGTCGCAGTATCTGTCTTTGATTCCTGCCCCATCCCATTATTTATCGCACCTACGTTCAATATTATAGGCGAACNATACCTACTAAAGTGTGTTAATTAATTAATGCTTGTAGGACATAATAATAACAATTGAATGTCTGCACAGCCGCTTTCCACACAGACATCATAACAAAAAATTTCCACCAAANNNNCCCCCCCTCCCCCGCTTCTGGCCACAGCACTTAAACACNNNNNNNNNNNNNNNNNNNNNNNN
india46,asian,NNTGCACGCGATAGCATTGCGAGACGCTGGAGCCGGAGCACCCTATGTCGCAGTATCTGTCTTTGATTCCTGCCCCATCCCATTATTTATCGCACCTACGTTCAATATTATAGGCGAACNATACCTACTAAAGTGTGTTAATTAATTAATGCTTGTAGGACATAATAATAACAATTGAATGTCTGCACAGCCGCTTTCCACACAGACATCATAACAAAAAATTTCCACCAAANNNCCCCCCCTCCCCCCGCTTCTGGCCACAGCACTTAAACANNNNNNNNNNNNNNNNNNNNNNNNN
india47,asian,NNTGCACGCGATAGCATTGCGAGACGCTGGAGCCGGAGCACCCTATGTCGCAGTATCTGTCTTTGATTCCTGCCCCATCCCATTATTTATCGCACCTACGTTCAATATTATAGGCGAACNATACCTACTAAAGTGTGTTAATTAATTAATGCTTGTAGGACATAATAATAACAATTGAATGTCTGCACAGCCGCTTTCCACACAGACATCATAACAAAAAATTTCCACCAAANNNCCCCCCCTCCCCCCGCTTCTGGCCACAGCACTTAAACANNNNNNNNNNNNNNNNNNNNNNNNN
india48,asian,NNTGCACGCGATAGCATTGCGAGACGCTGGAGCCGGAGCACCCTATGTCGCAGTATCTGTCTTTGATTCCTGCCCCATCCCATTATTTATCGCACCTACGTTCAATATTATAGGCGAACNATACCTACTAAAGTGTGTTAATTAATTAATGCTTGTAGGACATAATAATAACAATTGAATGTCTGCACAGCCGCTTTCCACACAGACATCATAACAAAAAATTTCCACCAAANNCCCCCCCCTCCCCCCGCTTCTGGCCACAGCACTTAAACNNNNNNNNNNNNNNNNNNNNNNNNNN
india49,asian,NNTGCACGCGATAGCATTGCGAGACGCTGGAGCCGGAGCACCCTATGTCGCAGTATCTGTCTTTGATTCCTGCCCCATTCTATTATTTATCGCACCTACGTTCAATATTACAGGCGAACNATACTTACTAAAGTGTGTTAATTAATTAATGCTTGTAGGACATAATAATAACAATTGAATGTCTGCACAGCCGCTTTCCACACAGACATCATAACAAAAAATTTCCACCAAANNCCCCCCCCTCCCCCCGCTTCTGGCCACAGCACTTAAACNNNNNNNNNNNNNNNNNNNNNNNNNN
india50,asian,NNTGCACGCGATAGCATTGCGAGACGCTGGAGCCGGAGCACCCTATGTCGCAGTATCTGTCTTTGATTCCTGCCCCATTCTATTATTTATCGCACCTACGTTCAATATTACAGGCGAACNATACTTACTAAAGTGTGTTAATTAATTAATGCTTGTAGGACATAATAATAACAATTGAATGTCTGCACAGCCGCTTTCCACACAGACATCATAACAAAAAATTTCCACCAAANNCCCCCCCCTCCCCCCGCTTCTGGCCACAGCACTTAAACNNNNNNNNNNNNNNNNNNNNNNNNNN
russia1,caucasian,NNTGCACGCGATAGCATTGCGAGACGCTGGAGCCGGAGCACCCTATGTCGCAGTATCTGTCTTTGATTCCTGCCTCATCCCATTATTTATCGCACCTACGTTCAATATTACAGGCGAACNATACTTACTAAAGTGTGTTAATTAATTAATGCTTGTAGGACATAGTAATAACAATTGAATGTCTGCACAGCCGCTTTCCACACAGACATCATAACAAAAAATTTCCACCAAANNNCCCCCCCTCCCCCCGCTTCTGGCCACAGCACTTAAACANNNNNNNNNNNNNNNNNNNNNNNNN
russia2,caucasian,NNTGCACGCGATAGCATTGCGAGACGCTGGAGCCGGAGCACCCTATGTCGCAGTATCTGTCTTTGATTCCTGCCTCATCCTGTTATTTATCGCACCTACGTTCAATATTACAGGCGAACNATACCTACTAAAGTGTGTTAATTAATTAATGCTTGTAGGACATAATAATAACAATTGAATGTCTGCACAGCCGCTTTCCACACAGACATCATAACAAAAAATTTCCACCAAANNCCCCCCCCTCCCCCCGCTTCTGGCCACAGCACTTAAACNNNNNNNNNNNNNNNNNNNNNNNNNN
russia3,caucasian,NNTGCACGCGATAGCATTGCGAGACGCTGGAGCCGGAGCACCCTATGTCGCAGTATCTGTCTTTGATTCCTGCCTCATTCTATTATTTATCGCACCTACGTTCAATATTACAGGCGAACNATACTTACTAAAGTGTGTTAATTAATTAATGCTTGTAGGACATAATAATAACAATTGAATGTCTGCACAGCCGCTTTCCACACAGACATCATAACAAAAAATTTCCACCAAANNNCCCCCCCTCCCCCCGCTTCTGGCCACAGCACTTAAACANNNNNNNNNNNNNNNNNNNNNNNNN
russia4,caucasian,NNTGCACGCGATAGCATTGCGAGACGCTGGAGCCGGAGCACCCTATGTCGCAGTATCTGTCTTTGATTCCTGCCTCATCCCATTATTTATCGCACCTACGTTCAATATTACAGGCGAACNATACTTACTAAAGTGTGTTAATTAATTAATGCTTGTAGGACATAATAATAACAATTGAATGTCTGCACAGCCGCTTTCCACACAGACATCATAACAAAAAATTTCCACCAAANNNCCCCCCCTCCCCCCGCTTCTGGCCACAGCACTTAAACANNNNNNNNNNNNNNNNNNNNNNNNN
russia5,caucasian,NNTGCACGCGATAGCATTGCGAGACGCTGGAGCCGGAGCACCCTATGTCGCAGTATCTGTCTTTGATTCCTGCCTCATCTCATTATTTATCGCACCTACGTTCAATATTACAGGCGAACNATACTTACTGAAGTGTGTTAATTAATTAATGCTTGTAGGACATAGTAATAACAATTGAATGTCTGCACAGCCGCTTTCCACACAGACATCATAACAAAAAATTTCCACCAAANNNCCCCCCCTCCCCCCGCTTCTGGCCACAGCACTTAAACANNNNNNNNNNNNNNNNNNNNNNNNN
russia6,caucasian,NNTGCACGCGATAGCATTGCGAGACGCTGGAGCCGGAGCACCCTATGTCGCAGTATCTGTCTTTGATTCCTGCCTCATCCTGTTATTTATCGCACCTACGTTCAATATTACAGGCGAACNATACCTACTAAAGTGTGTTAATTAATTAATGCTTGTAGGACATAATAATAACAATTGAATGTCTGCACAGCCGCTTTCCACACAGACATCATAACAAAAAATTTCCACCAAANCCCCCCCCCTCCCCCCGCTTCTGGCCACAGCACTTAAANNNNNNNNNNNNNNNNNNNNNNNNNNN
russia7,caucasian,NNTGCACGCGATAGCATTGCGAGACGCTGGAGCCGGAGCACCCTATGTCGCAGTATCTGTCTTTGATTCCTGCCTCATCCTATTATTTATCGCACCTACGTTCAATATTACAGGCGAACNATACTTACTAAAGTGTGTTAATTAATTAATGCTTGTAGGACATAATAATAACAATTGAATGTCTGCACAGCCGCTTTCCACACAGACATCATAACAAAAAATTTCCACCAAANNNCCCCCCCTCCCCCCGCTTCTGGCCACAGCACTTAAACANNNNNNNNNNNNNNNNNNNNNNNNN
russia8,caucasian,NNTGCACGCGATAGCATTGCGAGACGCTGGAGCCGGAGCACCCTATGTCGCAGTATCTGTCTTTGATTCCTGCCTCATCCCATTATTTATCGCACCTACGTTCAATATTACAGGCGAACNATACTTACCAAAGCGTGTTAATTAATTAATGCTTGTAGGACATAATAATAACAATTGAATGTCTGCACAGCCGCTTTCCACACAGACATCATAACAAAAAATTTCCACCAAANNCCCCCCCCTCCCCCCGCTTCTGGCCACAGCACTTAAACNNNNNNNNNNNNNNNNNNNNNNNNNN
russia9,caucasian,NNTGCACGCGATAGCATTGCGGGACGCTGGAGCCGGAGCACCCTATGTCGCAGTATCTGTCTTTGATTCCTGCCTCATCCTATTATTTATCGCACCTACGTTCAATATTACAGGCGAACNATACTTACTAAAGTGTGTTAATTAATTAATGCTTGTAGGACATAATAATAACAATTGNATGTCTGCACAGCCGCTTTCCACACAGACATCATAACNNAAAATTTCCACCAAANNCCCCCCCCTCCCCCCGCTTCTGGCCACAGCACTTAAACACANNNNNNNNNNNNNNNNNNNNNNN
russia10,caucasian,NNTGCACGCGATAGCATTGCGAGACGCTGGAGCCGGAGCACCCTATGTCGCAGTATCTGTCTTTGATTCCTGCCTCATCCCATTATTTATCGCACCTACGTTCAATATTACAGGCGAACNATACTTACTAAAGTGTGTTAATTAATTAATGCTTGTAGGACATAGTAATAACAATTGAATGTCTGCACAGCCGCTTTCCACACAGACATCATAACAAAAAATTTCCAACAAANNCCCCCCCCTCCCCCCGCTTCTGGCCACAGCACTTAAACNNNNNNNNNNNNNNNNNNNNNNNNNN
russia11,caucasian,NNTGCACGCGATAGCATTGCGAGACGCTGGAGCCGGAGCACCCTATGTCGCAGTATCTGTCTTTGATTCCTGCCCCATCCTATTATTTATCGCACCTACGTTCAATATTACAGGCGAACNATACTTACTAAAGTGTGTTAATTAATTAATGCTTGTAGGACATAATAATAACAATTGAATGTCTGCACAGCCGCTTTCCACACAGACATCATAACAAAAAATTTCCACCAAANCCCCCCCCCTCCCCCCGCTTCTGGCCACAGCACTTAAANNNNNNNNNNNNNNNNNNNNNNNNNNN
russia12,caucasian,NNTGCACGCGATAGCATTGCGAGACGCTGGAGCCGGAGCACCCTATGTCGCAGTATCTGTCTTTGATTCCTGCCCCATCCTATTATTTATCGCACCTACGTTCAATATTACAGGCGAACNATACTTACCAAAGTGTGTTAATTAATTAATGCTTGTAGGACATAATAATAACAATTGAATGTCTGCACAGCCGCTTTCCACACAGACATCATAACAAAAAATTTCCACCAAANNCCCCCCCCTCCCCCCGCTTCTGGCCACAGCACTTAAACNNNNNNNNNNNNNNNNNNNNNNNNNN
russia13,caucasian,NNTGCACGCGATAGCATTGCGAGACGCTGGAGCCGGAGCACCCTATGTCGCAGTATCTGTCTTTGATTCCTGCCTCATCCCATTATTTATCGCACCTACGTTCAATATTACAGGCGAACNATACTTACTAAAGTGTGTTAATTAATTAATGCTTGTAGGACATAGTAATAACAATTGAATGTCTGCACAGCCGCTTTCCACACAGACATCATAACAAAAAATTTCCACCAAANCCCCCCCCCTCCCCCCGCTTCTGGCCACAGCACTTAAANNNNNNNNNNNNNNNNNNNNNNNNNNN
russia14,caucasian,NNTGCACGCGATAGCATTGCGAGACGCTGGAGCCGGAGCACCCTATGTCGCAGTATCTGTCTTTGATTCCTGCCTCATCCCATTATTTATCGCACCTACGTTCAATATTACAGGCGAACNATACCTACTAAAGTGTGTTAATTAATTAATGCTTGTAGGACATAGTAATAACAATTGAATGTCTGCACAGCCGCTTTCCACACAGACATCATAACAAAAAATTTCCACCAAANNCCCCCCCCTCCCCCCGCTTCTGGCCACAGCACTTAAACNNNNNNNNNNNNNNNNNNNNNNNNNN
russia15,caucasian,NNTGCACGCGATAGCATTGCGAGACGCTGGAGCCGGAGCACCTTATGTCGCAGTATCTGTCTTTGATTCCTACCTCATCCTATTATTTATCGCACCTACGTTCAATATTACAGGCGAACNATACTTACCAAAGTGTGTTAATTAATTAATGCTTGTAGGACATAATAATAACAATTGAACGTCTGCACAGCCGCTTTCCACACAGACATCATAACAAAAAATTTCCACCAAANNNCCCCCCCTCCCCCCGCTTCTGGCCACAGCACTTAAACANNNNNNNNNNNNNNNNNNNNNNNNN
russia16,caucasian,NNTGCACGCGATAGCATTGCGAGACGCTGGAGCCGGAGCACCCTATGTCGCAGTATCTGTCTTTGATTCCTGCCTCATCCTATTATTTATCGCACCTACGTTCAATATTACAGGCGAACNATACTTACCAAAGCGTGTTAATTAATTAATGCTTGTAGGACATAATAATAACAATTGAACGTCTGCACAGCCGCTTTCCACACAGACATCATAACAAAAAATTTCCACCAAANNCCCCCCCCTCCCCCCGCTTCTGGCCACAGCACTTAAACNNNNNNNNNNNNNNNNNNNNNNNNNN
russia17,caucasian,NNTGCACGCGATAGCATTGCGAGACGCTGGAGCCGGAGCACCCTATGTCGCAGTATCTGTCTTTGATTCCTGCCCCATCCCATTATTTATCGCACCTACGTTCAATATTACAGGCGAACNATACTTACTGAAGTGTGTTAATTAATTAATGCTTGTAGGACATAGTAATAACAATTGAATGTCTGCACAGCCGCTTTCCACACAGACATCATAACAAAAAATTTCCACCAAANNCCCCCCCCTCCCCCCGCTTCTGGCCACAGCACTTAAACNNNNNNNNNNNNNNNNNNNNNNNNNN
russia18,caucasian,NNTGCACGCGATAGCATTGCGAGACGCTGGAGCCGGAGCACCCTATGTCGCAGTATCTGTCTTTGATTCCTGCCTCATCCTATTATTTATCGCACCTACGTTCAATATTACAGGCGAACNATACCTATTAAAGTGTGTTAATTAATTAATGCTTGTAGGACATAATAATAACAATTGAATGTCTGCACAGCCGCTTTCCACACAGACATCATAACAAAAAATTTCCACCAAANNNCCCCCCCTCCCCCCGCTTCTGGCCACAGCACTTAAACANNNNNNNNNNNNNNNNNNNNNNNNN
russia19,caucasian,NNTGCACGCGATAGCATTGCGAGACGCTGGAGCCGGAGCACCCTATGTCGCAGTATCTGTCTTTGATTCCTGCCTCATTCTATTATTTATCGCACCTACGTTCAATATTACAGGCGAACNATACTTACCAAAGCGTGTTAATTAATTAATGCTTGTAGGACATAATAATAACAATTGAATGTCTGCACAGCCGCTTTCCACACAGACATCATAACAAAAAATTTCCACCAAANNCCCCCCCCTCCCCCCGCTTCTGGCCACAGCACTTAAACNNNNNNNNNNNNNNNNNNNNNNNNNN
russia20,caucasian,NNTGCACGCGATAGCATTGCGAGACGCTGGAGCCGGAGCACCCTATGTCGCAGTATCTGTCTTTGATTCCTGCCCCATCCTATTATTTATCGCACCTACGTTCAATATTACAGGCGAACNATACTTACCAAAGTGTGTTAATTAATTAATGCTTGTAGGACATAATAATAACAATTGAATGTCTGCACAGCCGCTTTCCACACAGACATCATAACAAAAAATTTCCACCAAANNCCCCCCCCTCCCCCCGCTTCTGGCCACAGCACTTAAACNNNNNNNNNNNNNNNNNNNNNNNNNN
russia21,caucasian,NNTGCACGCGATAGCATTGCGAGACGCTGGAGCCGGAGCACCCTATGTCGCAGTATCTGTCTTTGATTCCTGCCTCATCTCATTATTTATCGCACCTACGTTCAATATTACAGGCGAACNATACTTACTAAAGTGTGTTAATTAATTAATGCTTGTAGGACATAGTAATAACAATTGAATGTCTGCACAGCCGCTTTCCACACAGACATCATAACAAAAAATTTCCACCAAANNCCCCCCCCTCCCCCCGCTTCTGGCCACAGCACTTAAACNNNNNNNNNNNNNNNNNNNNNNNNNN
russia22,caucasian,NNTGCACGCGATAGCATTGCGAGACGCTGGAGCCGGAGCACCCTATGTCGCAGTATCTGTCTTTGATTCCTGCCTCATCCCATTATTTATCGCACCTACGTTCAATATTACAGGCGAACNATACTTACTAAAGTGTGTTAATTAATTAATGCTTGTAGGACATAATAATAACAATTGAATGTCTGCACAGCCGCTTTCCACACAGACATCATAACAAAAAATTTCCACCAAANNNCCCCCCCTCCCCCCGCTTCTGGCCACAGCACTTAAACANNNNNNNNNNNNNNNNNNNNNNNNN
russia23,caucasian,NNTGCACGCGATAGCATTGCGAGACGCTGGAGCCGGAGCACCCTATGTCGCAGTATCTGTCTTTGATTCCTGCCTCATCCTGTTATTTATCGCACCTACGTTCAATATTACAGGCGAACNATACCTACTAAAGTGTGTTAATTAATTAATGCTTGTAGGACATAATAATAACAATTGAATGTCTGCACAGCCGCTTTCCACACAGACATCATAACAAAAAATTTCCACCAAANNCCCCCCCCTCCCCCCGCTTCTGGCCACAGCACTTAAACNNNNNNNNNNNNNNNNNNNNNNNNNN
russia24,caucasian,NNTGCACGCGATAGCATTGCGAGACTCTNNNNNNGGAGCACCCTATGTCGCAGTATCTGTCTTTGATTCCTGCCTCATTCCATTATTTATCGCACCTACGTTCAATATTACAGGCGAACNATACTTACTAAAGTGTGTTAATTAATTAATGCTTGTAGGACATAGTAATAACAATTGAATGTCTGCACAGCCGCTTTCCACACAGACATCATAACAAAAAATTTCCACCAAANNCCCCCCCCTCCCCCCGCTTCTGGCCACAGCACTTAAACACATCTNNNNNNNNNNNNNNNNNNNN
russia25,caucasian,NNTGCACGCGATAGCATTGCGAGACGCTGGAGCCGGAGCACCCTATGTCGCAGTATCTGTCTTTGATTCCTGCCCCATCCCATTATTTATCGCACCTACGTTCAATATTACAGGCGAACNATACTTACTGAAGTGTGTTAATTAATTAATGCTTGTAGGACATAGTAATAACAATTGAATGTCTGCACAGCCGCTTTCCACACAGACATCATAACAAAAAATTTCCACCAAANNCCCCCCCCTCCCCCCGCTTCTGGCCACAGCACTTAAACNNNNNNNNNNNNNNNNNNNNNNNNNN
russia26,caucasian,NNTGCACGCGATAGCATTGCGAGACGCTGGAGCCGGAGCACCCTATGTCGCAGTATCTGTCTTTGATTCCTGCCTCATCCTATTATTTATCGCACCTACGTTCAATATTACAGGCGAACNATACCTACTAAAGTGTGTTAATTAATTAATGCTTGTAGGACATAATAATAACAATTGAATGTCTGCACAGCCGCTTTCCACACAGACATCATAACAAAAAATTTCCACCAAANNNCCCCCCCTCCCCCCGCTTCTGGCCACAGCACTTAAACANNNNNNNNNNNNNNNNNNNNNNNNN
russia27,caucasian,NNTGCACGCGATAGCATTGCGAGACGCTGGAGCCGGAGCACCCTATGTCGCAGTATCTGTCTTTGATTCCTGCCCCATCCCATTATTTATCGCACCTACGTTCAATATTACAGGCGAACNATACTTACCAAAGTGTGTTAATTAATTAATGCTTGTAGGACATAGTAATAACAATTGAATGTCTGCACAGCCGCTTTCCACACAGACATCATAACAAAAAATTTCCACCAAANNNCCCCCCCTCCCCCCGCTTCTGGCCACAGCACTTAAACANNNNNNNNNNNNNNNNNNNNNNNNN
russia28,caucasian,NNTGCACGCGATAGCATTGCGAGACGCTGGAGCCGGAGCACCCTATGTCGCAGTATCTGTCTTTGATTCCTGCCTCATCCTATTATTTATCGCACCTACGTTCAATATTACAGGCGAACNATACTTACTAAAGTGTGTTAATTAATTAATGCTTGTAGGACATAATAATAACAATTGAATGTCTGCACAGCCGCTTTCCACACAGACATCATAACAAAAAATTTCCACCAAANCCCCCCCCCTCCCCCCGCTTCTGGCCACAGCACTTAAANNNNNNNNNNNNNNNNNNNNNNNNNNN
russia29,caucasian,NNTGCACGCGATAGCATTGCGAGACGCTGGAGCCGGAGCACCCTATGTCGCAGTATCTGTCTTTGATTCCTGCCTCATCCCATTATTTATCGCACCTACGTTCAATATTACAGGCGAACNATACTTACTAAAGTGTGTTAATTAATTAATGCTTGTAGGACATAGTAATAACAATTGAATGTCTGCACAGCCGCTTTCCACACAGACATCATAACAAAAAATTTCCACCAAANNCCCCCCCCTCCCCCCGCTTCTGGCCACAGCACTTAAACNNNNNNNNNNNNNNNNNNNNNNNNNN
russia30,caucasian,NNTGCACGCGATAGCATTGCGAGACGCTGGAGCCGGAGCACCCTATGTCGCAGTATCTGTCTTTGATTCCTGCCTCATCCTATTATTTATCGCACCTACGTTCAATATTACAGGCGAACNATACTTACTAAAGTGTGTTAATTAATTAATGCTTGTAGGACATAATAACAACAATTGAATGTCTGCACAGCCGCTTTCCACACAGACATCATAACAAAAAATTTCCGCCAAANNNCCCCCCCTCCCCCCGCTTCTGGCCACAGCACTTAAACANNNNNNNNNNNNNNNNNNNNNNNNN
russia31,caucasian,NNTGCACGCGATAGCATTGCGAGACGCTGGAGCCGGAGCACCCTATGTCGCAGTATCTGTCTTTGATTCCTGCCTCATCCCATTATTTATCGCACCTACGTTCAATATTACAGGCGAACNATACTTACTAAAGTGTGTTAATTAATTAATGCTTGTAGGACATAGTAATAACAATTGAATGTCTGCACAGCCGCTTTCCACACAGACATCATAACAAAAAATTTCCACCAAANNCCCCCCCCTCCCCCCGCTTCTGGCCACAGCACTTAAACNNNNNNNNNNNNNNNNNNNNNNNNNN
russia32,caucasian,NNTGCACGCGATAGCATTGCGAGACGCTGGAGCCGGAGCACCCTATGTCGCAGTATCTGTCTTTGATTCCTGCCTCATCCCATTATTTATCGCACCTACGTTCAATATTACAGGCGAACNATACTTACTAAAGTGTGTTAATTAATTAATGCTTGTAGGACATAATAATAACAATTGAATGTCTGCACAGCCGCTTTCCACACAGACATCATAACAAAAAATTTCCACCAAANNNCCCCCCCTCCCCCCGCTTCTGGCCACAGCACTTAAACANNNNNNNNNNNNNNNNNNNNNNNNN
russia33,caucasian,NNTGCACGCGATAGCATTGCGAGACGCTGGAGCCGGAGCACCCTATGTCGCAGTATCTGTCTTTGATTCCTGCCCCATCCTNTTATTTATCGCACCTACGTTCAATATTACAGGCGAACNATACTTACTAAAGTGTGTTAATTAATTAATGCTTGTAGGACATAGTAATAACAATTGAATGTCTGCACAGCCGCTTTCCACACAGACATCATAACAAAAAATTTCCACCAAANNNCCCCCCCTCCCCCCGCTTCTGGCCACAGCACTTAAACANNNNNNNNNNNNNNNNNNNNNNNNN
russia34,caucasian,NNTGCACGCGATAGCATTGCGAGACGCTGGAGCCGGAGCACCCTATGTCGCAGTATCTGTCTTTGATTCCTGCCTCATCCTATTATTTATCGCACCTACGTTCAATATTACAGGCGAACNATACTTACTAAAGTGTGTTAATTAATTAATGCTTGTAGGACATAATAATAACAATTGAATGTCTGCACAGCCGCTTTCCACACAGACATCATAACAAAAAATTTCCACCAAANNNCCCCCCCTCCCCCCGCTTCTGGCCACAGCACTTAAACANNNNNNNNNNNNNNNNNNNNNNNNN
russia35,caucasian,NNTGCACGCGATAGCATTGCGAGACGCTGGAGCCGGAGCACCCTATGTCGCAGTATCTGTCTTTGATTCCTGCCTCATCCTATTATTTATCGCACCTACGTTCAATATTACAGGCGAACNATACTTACTAAAGTGTATTAATTAATTAATGCTTGTAGGACATAATAATAACAATTGAATGTCTGCACAGCCGCTTTCCACACAGACATCATAACAAAAAATTTCCACCAAANNNCCCCCCCTCCCCCCGCTTCTGGCCACAGCACTTAAACANNNNNNNNNNNNNNNNNNNNNNNNN
russia36,caucasian,NNTGCACGCGATAGCATTGCGAGACGCTGGAGCCGGAGCACCCTATGTCGCAGTATCTGTCTTTGATTCCTGCCCCATCCTGTTATTTATCGCACCTACGTTCAATATTACAGGCGAACNATACTTACTAAAGTGTGTTAATTAATTAATGCTTGTAGGACATAGTAATAACAATTGAATGTCTGCACAGCCGCTTTCCACACAGACATCATAACAAAAAATTTCCACCAAANNCCCCCCCCTCCCCCCGCTTCTGGCCACAGCACTTAAACNNNNNNNNNNNNNNNNNNNNNNNNNN
russia37,caucasian,NNTGCACGCGATAGCATTGCGAGACGCTGGAGCCGGAGCACCCTATGTCGCAGTATCTGTCTTTGATTCCTGCCCCATCCTGTTATTTATCGCACCTACGTTCAATATTACAGGCGAACNATACTTACTAAAGTGTGTTAATTAATTAATGCTTGTAGGACATAGTAATAACAATTGAATGTCTGCACAGCCGCTTTCCACACAGACATCATAACAAAAAATTTCCACCAAANNNCCCCCCCTCCCCCCGCTTCTGGCCACAGCACTTAAACANNNNNNNNNNNNNNNNNNNNNNNNN
russia38,caucasian,NNTGCACGCGATAGCATTGCGAGACGCTGGAGCCGGAGCACCCTATGTCGCAGTATCTGTCTTTGATTCCTGCCCCATCCTGTTATTTATCGCACCTACGTTCAATATTACAGGCGAACNATACTTACTAAAGTGTGTTAATTAATTAATGCTTGTAGGACATAGTAATAACAATTGAATGTCTGCACAGCCGCTTTCCACACAGACATCATAACAAAAAATTTCCACCAAANNCCCCCCCCTCCCCCCGCTTCTGGCCACAGCACTTAAACNNNNNNNNNNNNNNNNNNNNNNNNNN
russia39,caucasian,NNTGCACGCGATAGCATTGCGAGACGCTGGAGCCGGAGCACCCTATGTCGCAGTATCTGTCTTTGATTCCTGCCCCATCCTGTTATTTATCGCACCTACGTTCAATATTACAGGCGAACNATACTTACTAAAGTGTGTTAATTAATTAATGCTTGTAGGACATAGTAATAACAATTGAATGTCTGCACAGCCGCTTTCCACACAGACATCATAACAAAAAATTTCCACCAAANCCCCCCCCCTCCCCCCGCTTCTGGCCACAGCACTTAAANNNNNNNNNNNNNNNNNNNNNNNNNNN
russia40,caucasian,NNTGCACGCGATAGCATTGCGAGACGCTGGAGCCGGAGCACCCTATGTCGCAGTATCTGTCTTTGATTCCTGCCCCATCCTATTATTTATCGCACCTACGTTCAATATTACAGGCGAACNATACTTACTAAAGTGTGTTAATTAATTAATGCTTGTAGGACATAATAATAACAATTGAATGTCTGCACAGCCGCTTTCCACACAGACATCATAACAAAAAATTTCCACCAAANNNCCCCCCCTCCCCCCGCTTCTGGCCACAGCACTTAAACANNNNNNNNNNNNNNNNNNNNNNNNN
russia41,caucasian,NNTACACGCGATAGCATTGCGAGACGCTGGAGCCGGAGCACCCTATGTCGCAGTATCTGTCTTTGATTCCTGCCTCATCCTATTATTTATCGCACCTACGTTCAATATTACAGGCGAGCNATACCTACTAAAGCGTATTGATTAATTAATGCTTGTAGGACATAATAATAACAATTGAATGTCTGCACAGCCGCTTTCCACACAGACATCATAACAAAAAATTTCCACCAAANNCCCCCCCCTCCCCCCGCTTCTGGCCACAGCACTTAAACNNNNNNNNNNNNNNNNNNNNNNNNNN
russia42,caucasian,NNTGCACGCGATAGCATTGCGAGACGCTGGAGCCGGAGCACCCTATGTCGCAGTATCTGTCTTTGATTCCTGCCTCATCCTATTATTTATCGCACCTACGTTCAATATTACAGGCGAACNATACTTACTAAAGTGTGTTAATTAATTAATGCTTGTAGGACATAATAATAACAATTGAATGTCTGCACAGCCGCTTTCCACACAGACATCATAACAAAAAATTTCCACCAAANNCCCCCCCCTCCCCCCGCTTCTGGCCACAGCACTTAAACNNNNNNNNNNNNNNNNNNNNNNNNNN
russia43,caucasian,NNTGCACGCGATAGCATTGCGAGACGCTGGAGCCGGAGCACCCTATGTCGCAGTATCTGTCTTTGATTCCTGCCCCATCCTATTATTTATCGCACCTACGTTCAATATTACAGGCGAACNATACTTACTAAAGTGTGTTAATTAATTAATGCTTGTAGGACATAATAATAACAATTGAATGTCTGCACAGCCGCTTTCCACACAGACATCATAACAAAAAATTTCCACCAAANNCCCCCCCCTCCCCCCGCTTCTGGCCACAGCACTTAAACNNNNNNNNNNNNNNNNNNNNNNNNNN
russia44,caucasian,NNTGCACGCGATAGCATTGCGAGACGCTGGAGCCGGAGCACCCTATGTCGCAGTATCTGTCTTTGATTCCTGCCTCATCCCATTATTTATCGCACCTACGTTCAATATTACAGACGGACNATACTTACTAAAGTGTGTTAATTAATTAATGCTTGTAGGACATAGTAATAACAATTGAATGTCTGCACAGCCGCTTTCCACACAGACATCATAACAAAAAATTTCCACCAAANNNCCCCCCCTCCCCCCGCTTCTGGCCACAGCACTTAAACANNNNNNNNNNNNNNNNNNNNNNNNN
russia45,caucasian,NNTGCACGCGATAGCATTGCGAGACGCTGGAGCCGGAGCACCCTATGTCGCAGTATCTGTCTTTGATTCCTGCCTCATCCTATTATTTATCGCACCTACGTTCAATATTACAGGCGAACNATACCTACTAAAGTGTGTTAATTAATTAATGCTTGTAGGACATAATAATAACAATTGAATGTCTGCACAGCCGCTTTCCACACAGACATCATAACAAAAAATTTCCACCAAANNNCCCCCCCTCCCCCCGCTTCTGGCCACAGCACTTAAACANNNNNNNNNNNNNNNNNNNNNNNNN
russia46,caucasian,NNTGCACGCGATAGCATTGCGAGACGCTGGAGCCGGAGCACCCTATGTCGCAGTATCTGTCTTTGATTCCTGCCTCATCCCATTATTTATCGCACCTACGTTCAATATTACAGGCGAACNATACTTACTAAAGTGTGTTAATTAATTAATGCTTGTAGGACATAGTAATAACAATTGAATGTCTGCACAGCCGCTTTCCACACAGACATCATAACAAAAAATTTCCACCAAANNCCCCCCCCTCCCCCCGCTTCTGGCCACAGCACTTAAACNNNNNNNNNNNNNNNNNNNNNNNNNN
russia47,caucasian,NNTGCACGCGATAGCATTGCGAGACGCTGGAGCCGGAGCACCCTATGTCGCAGTATCTGTCTTTGATTCCTGCCTCATCCTATTATTTATCGCACCTACGTTCAATATTACAGGCGAACNATACTTACTAAAGTGTGTTAATTAATTAATGCTTGTAGGACATAATAATAACAATTGAATGTCTGCACAGCCGCTTTCCACACAGACATCATAACAAAAAATTTCCACCAAANNNCCCCCCCTCCCCCCGCTTCTGGCCACAGCACTTAAACANNNNNNNNNNNNNNNNNNNNNNNNN
russia48,caucasian,NNTGCACGCGATAGCATTGCGAGACGCTGGAGCCGGAGCACCCTATGTCGCAGTATCTGTCTTTGATTCCTGCCTCATCCTATTATTTATCGCACCTACGTTCAATATTACAGGCGAACNATACTTACCAAAGTGTGTTAATTAATTAATGCTTGTAGGACATAATAATAACAATTGAATGTCTGCACAGCCGCTTTCCACACAGACATCATAACAAAAAATTTCCACCAAANNNCCCCCCCTCCCCCCGCTTCTGGCCACAGCACTTAAACANNNNNNNNNNNNNNNNNNNNNNNNN
russia49,caucasian,NNTGCACGCGATAGCATTGCGAGACGCTGGAGCCGGAGCACCCTATGTCGCAGTATCTGTCTTTGATTCCTGCCTCATCCCATTATTTATCGCACCTACGTTCAATATTACAGGCGAACNATACTTACTGAAGTGTGTTAATTAATTAATGCTTGTAGGACATAGTAATAACAATTGAATGTCTGCACAGCCGCTTTCCACACAGACATCATAACAAAAAATTTCCACCAAANCCCCCCCCCTCCCCCCGCTTCTGGCCACAGCACTTAAANNNNNNNNNNNNNNNNNNNNNNNNNNN
russia50,caucasian,NNTGCACGCGATAGCATTGCGAGACGCTGGAGCCGGAGCACCCTATGTCGCAGTATCTGTCTTTGATTCCTGCCTCATTCTATTATTTATCGCACCTACGTTCAATATTACAGGCGAACNATACTTACCAAAGTGTGTTAATTAATTAATGCTTGTAGGACATAATAATAACAATTGAATGTCTGCACAGCCGCTTTCCACACAGACATCATAACAAAAAATTTCCACCAAANNCCCCCCCCTCCCCCCGCTTCTGGCCACAGCACTTAAACNNNNNNNNNNNNNNNNNNNNNNNNNN
spain1,caucasian,NNTGCACGCGATAGCATTGCGAGACGCTGGAGCCGGAGCACCCTATGTCGCAGTATCTGTCTTTGATTCCTGCCTCATCCTATTATTTATCGCACCTACGTTCAATATTACAGACGAACNATACTTACTAAAGTGTGTTAATTAATTAATGCTTGTAAGACATAATAATAACAATTGAATGTCTGCACAGCCGCTTTCCACACAGACATCATAACAAAAAATTTTCACCAAANNCCCCCCCCTCCCCCCGCTTCTGGCCACAGCACTTAAACNNNNNNNNNNNNNNNNNNNNNNNNNN
spain2,caucasian,NNTGCACGCGATAGCATTGCGAGACGCTGGAGCCGGAGCACCCTATGTCGCAGTATCTGTCTTTGATTCCTGCCTCATTCTATTATTTATCGCACCTACGTTCAATATTACAGGCGAACNATACTTACTGAAGTGTGTTAATTAATTAATGCTTGTAGGACATAATAATAACAATTGAATGTCTGCACAGCCGCTTTCCACACAGACATCATAACAAAAAATTTCCACCAAANNCCCCCCCCTCCCCCCGCTTCTGGCCACAGCACTTAAACNNNNNNNNNNNNNNNNNNNNNNNNNN
spain3,caucasian,NNTGCACGCGATAGCATTGCGAGACGCTGGAGCCGGAGCACCCTATGTCGCAGTATCTGTCTTTGATTCCTGCCTCATTCTATTATTTATCGCACCTACGTTCAATATTACAGGCGAACNATACTTACTAAAGTGTGTTAATTAATTAATGCTTGTAGGACATAATAATAACAATTGAATGTCTGCACAGCCGCTTTCCACACAGACATCATAACAAAAAATTTCCACCAAANNNCCCCCCCTCCCCCCGCTTCTGGCCACAGCACTTAAACANNNNNNNNNNNNNNNNNNNNNNNNN
spain4,caucasian,NNTGCACGCGATAGCATTGCGAGACGCTGGAGCCGGAGCACCCTATGTCGCAGTATCTGTCTTTGATTCCTGCCTCATCCTATTATTTATCGCACCTACGTTCAATATTACAGACGAACNATACTTACTAAAGTGTGTTAATTAATTAATGCTTGTAAGACATAATAATAACAATTGAATGTCTGCACAGCCGCTTTCCACACAGACATCATAACAAAAAATTTTCACCAAANNNCCCCCCCTCCCCCCGCTTCTGGCCACAGCACTTAAACANNNNNNNNNNNNNNNNNNNNNNNNN
spain5,caucasian,NNTGCACGCGATAGCATTGCGAGACGCTGGAGCCGGAGCACCCTATGTCGCAGTATCTGTCTTTGATTCCTGCCTCATTCTATTATTTATCGCACCTACGTTCAATATTACAGGCGAACNATACTTACTAAAGTGTGTTAATTAATTAATGCTTGTAGGACATAATAATAACAATTGAATGTCTGCACAGCCGCTTTCCACACAGACATCATAACAAAAAATTTCCACCAAANNCCCCCCCCTCCCCCCGCTTCTGGCCACAGCACTTAAACNNNNNNNNNNNNNNNNNNNNNNNNNN
spain6,caucasian,NNTGCACGCGATAGCATTGCGAGACGCTGGAGCCGGAGCACCCTATGTCGCAGTATCTGTCTTTGATTCCTGCCTCATTCTATTATTTATCGCACCTACGTTCAATATTACAGGCGAACNATACTTACTAAAGTGTGTTAATTAATTAATGCTTGTAGGACATAATAATAACAATTGAATGTCTGCACAGCCGCTTTCCACACAGACATCATAACAAAAAATTTCCACCAAANNNCCCCCCCTCCCCCCGCTTCTGGCCACAGCACTTAAACANNNNNNNNNNNNNNNNNNNNNNNNN
spain7,caucasian,NNTGCACGCGATAGCATTGCGAGACGCTGGAGCCGGAGCACCCTATGTCGCAGTATCTGTCTTTGATTCCTGCCTCATCCTATTATTTATCGCACCTACGTTCAATATTACAGACGAACNATACTTACTAAAGTGTGTTAATTAATTAATGCTTGTAAGACATAATAATAACAATTGAATGTCTGCACAGCCGCTTTCCACACAGACATCATAACAAAAAATTTTCACCAAANNNCCCCCCCTCCCCCCGCTTCTGGCCACAGCACTTAAACANNNNNNNNNNNNNNNNNNNNNNNNN
spain8,caucasian,NNTGCACGCGATAGCATTGCGAGACGCTGGAGCCGGAGCACCCTATGTCGCAGTATCTGTCTTTGATTCCTGCCTCATTCTATTATTTATCGCACCTACGTTCAATATTACAGGCGAACNATACTTACTAAAGTGTGTTAATTAATTAATGCTTGTAGGACATAATAATAACAATTGAATGTCTGCACAGCCGCTTTCCACACAGACATCATAACAAAAAATTTCCACCAAANNNCCCCCCCTCCCCCCGCTTCTGGCCACAGCACTTAAACANNNNNNNNNNNNNNNNNNNNNNNNN
spain9,caucasian,NNTGCACGCGATAGCATTGCGAGACGCTGGAGCCGGAGCACCCTATGTCGCAGTATCTGTCTTTGATTCCTGCCTCATCCTATTATTTATCGCACCTACGTTCAATATTACAGACGAACNATACTTACTAAAGTGTGTTAATTAATTAATGCTTGTAAGACATAATAATAACAATTGAATGTCTGCACAGCCGCTTTCCACACAGACATCATAACAAAAAATTTTCACCAAANNNCCCCCCCTCCCCCCGCTTCTGGCCACAGCACTTAAACANNNNNNNNNNNNNNNNNNNNNNNNN
spain10,caucasian,NNTGCACGCGATAGCATTGCGAGACGCTGGAGCCGGAGCACCCTATGTCGCAGTATCTGTCTTTGATTCCTGCCTCATTCTATTATTTATCGCACCTACGTTCAATATTACAGGCGAACNATACTTACTAAAGTGTGTTAATTAATTAATGCTTGTAGGACATAATAATAACAATTGAATGTCTGCACAGCCGCTTTCCACACAGACATCATAACAAAAAATTTCCACCAAANNCCCCCCCCTCCCCCCGCTTCTGGCCACAGCACTTAAACNNNNNNNNNNNNNNNNNNNNNNNNNN
spain11,caucasian,NNTGCACGCGATAGCATTGCGAGACGCTGGAGCCGGAGCACCCTATGTCGCAGTATCTGTCTTTGATTCCTGCCTCATCCTATTATTTATCGCACCTACGTTCAATATTACAGGCGAACNATACTTACTAAAGTGTGTTAATTAATTAATGCTTGTAGGACATAATAATAACAATTGAATGTCTGCACAGCCGCTTTCCACACAGACATCATAACAAAAAATTTCCACCAAANNCCCCCCCCTCCCCCCGCTTCTGGCCACAGCACTTAAACNNNNNNNNNNNNNNNNNNNNNNNNNN
spain12,caucasian,NNTGCACGCGATAGCATTGCGAGACGCTGGAGCCGGAGCACCCTATGTCGCAGTATCTGTCTTTGATTCCTGCCTCATTCTATTATTTATCGCACCTACGTTCAATATTACAGGCGAACNATACTTACTAAAGTGTGTTAATTAATTAATGCTTGTAGGACATAATAATAACAATTGAATGTCTGCACAGCCGCTTTCCACACAGACATCATAACAAAAAATTTCCACCAAANNCCCCCCCCTCCCCCCGCTTCTGGCCACAGCACTTAAACNNNNNNNNNNNNNNNNNNNNNNNNNN
spain13,caucasian,NNTGCACGCGATAGCATTGCGAGACGCTGGAGCCGGAGCACCCTATGTCGCAGTATCTGTCTTTGATTCCTGCCTCATCCCATTATTTATCGCACCTACGTTCAATATTACAGGCGAACNATACTTACTAAAGTGTGTTAATTAATTAATGCTTGTAGGACATAATAACAACAATTGAATGTCTGCACAGCCGCTTTCCACACAGACATCATAACAAAAAATTTCCACCAAANNCCCCCCCCTCCCCCCGCTTCTGGCCACAGCACTTAAACNNNNNNNNNNNNNNNNNNNNNNNNNN
spain14,caucasian,NNTGCACGCGATAGCATTGCGAGACGCTGGAGCCGGAGCACCCTATGTCGCAGTATCTGTCTTTGATTCCTGCCTCATCCTATTATTTATCGCACCTACGTTCAATATTACAGGCGAACNATACCTACTAAAGTGTGTTAATTAATTAATGCTTGTAGGACATAATAATAACAATTGAATGTCTGCACAGCCGCTTTCCACACAGACATCATAACAAAAAATTTCCACCAAANNCCCCCCCCTCCCCCCGCTTCTGGCCACAGCACTTAAACNNNNNNNNNNNNNNNNNNNNNNNNNN
spain15,caucasian,NNTGCACGCGATAGCATTGCGAGACGCTGGAGCCGGAGCACCCTATGTCGCAGTATCTGTCTTTGATTCCTGCCTCATCCTATTATTTATCGCACCTACGTTCAATATTACAGGCGAACNATACTTACTAAAGTGTGTTAATTAATTAATGCTTGTAGGACATAATAATAACAATTGAATGTCTGCACAGCCGCTTTCCACACAGACATCATAACAAAAAATTTCCACCAAANNCCCCCCCCTCCCCCCGCTTCTGGCCACAGCACTTAAACNNNNNNNNNNNNNNNNNNNNNNNNNN
spain16,caucasian,NNTGCACGCGATAGCATTGCGAGACGCTGGAGCCGGAGCACCCTATGTCGCAGTATCTGTCTTTGATTCCTGCCTCATCCCATTATTTATCGCACCTACGTTCAATATTACAGGCGAACNATACTTACTAAAGTGTGTTAATTAATCAATGCTTGTAGGACATAATAATAACAATTGAATGTCTGCACAGCCGCTTTCCACACAGACATCATAACAAAAAATTTCCACCAAANCCCCCCCCCTCCCCCCGCTTCTGGCCACAGCACTTAAANNNNNNNNNNNNNNNNNNNNNNNNNNN
spain17,caucasian,NNTGCACGCGATAGCATTGCGAGACGCTGGAGCCGGAGCACCCTATGTCGCAGTATCTGTCTTTGATTCCTGCCTCATTCTATTATTTATCGCACCTACGTTCAATATTACAGGCGAACNATACTTACTAAAGTGTGTTAATTAATTAATGCTTGTAGGACATAATAATAACAATTGAATGTCTGCACAGCCGCTTTCCACACAGACATCATAACAAAAAATTTCCACCAAANNCCCCCCCCTCCCCCCGCTTCTGGCCACAGCACTTAAACNNNNNNNNNNNNNNNNNNNNNNNNNN
spain18,caucasian,NNTGCACGCGATAGCATTGCGAGACGCTGGAGCCGGAGCACCCTATGTCGCAGTATCTGTCTTTGATTCCTGCCTCATCCTATTATTTATCGCACCTACGTTCAATATTACAGACGAACNATACTTACTAAAGTGTGTTAATTAATTAATGCTTGTAGGACATAATAATAACAATTGAATGTCTGCACAGCCGCTTTCCACACAGACATCATAACAAAAAATTTCCACCAAANNCCCCCCCCTCCCCCCGCTTCTGGCCACAGCACTTAAACNNNNNNNNNNNNNNNNNNNNNNNNNN
spain19,caucasian,NNTGCACGCGATAGCATTGCGAGACGCTGGAGCCGGAGCACCCTATGTCGCAGTATCTGTCTTTGATTCCTGCCTCATTCCATTATTTATCGCACCTACGTTCAATATTACAGGCGAACNATACCTACTAAAGTGTGTTAATTAGTTAATGCTTGTAGGACATAATAATAACAATTGAATGTCTGCACAGCCGCTTTCCACACAGACATCATAACAAAAAATTTTCACCAAANCCCCCCCCCTCCCCCCGCTCCTGGCCACAGCACTTAAANNNNNNNNNNNNNNNNNNNNNNNNNNN
spain20,caucasian,NNTGCACGCGATAGCATTGCGAGACGCTGGAGCCGGAGCACCCTATGTCGCAGTATCTGTCTTTGATTCCTGCCTCATCCTATTATTTATCGCACCTACGTTCAATATTACAGGCGAACNATACTTACTAAAGTGTGTTAATTAATTAATGCTTGTAGGACATAATAATAACAATTGAATGTCTGCACAGCCGCTTTCCACACAGACATCATAACAAAAAATTTCCACCAAANNNCCCCCCCTCCCCCCGCTTCTGGCCACAGCACTTAAACANNNNNNNNNNNNNNNNNNNNNNNNN
spain21,caucasian,NNTGCACGCGATAGCATTGCGAGACGCTGGAGCCGGAGCACCCTATGTCGCAGTATCTGTCTTTGATTCCTGCCTCATTCTATTATTTATCGCACCTACGTTCAATATTACAGGCGAACNATACTTACTAAAGTGTGTTAATTAATTAATGCTTGTAGGACATAATAATAACAATTGAATGTCTGCACAGCCGCTTTCCACACAGACATCATAACAAAAAATTTCCACCAAANNNCCCCCCCTCCCCCCGCTTCTGGCCACAGCACTTAAACANNNNNNNNNNNNNNNNNNNNNNNNN
spain22,caucasian,NNTGCACGCGATAGCATTGCGAGACGCTGGAGCCGGAGCACCCTATGTCGCAGTATCTGTCTTTGATTCCTGCCTCATCCTATTATTTATCGCACCTACGTTCAATATTACAGACGAACNATACTTACTAAAGTGTGTTAATTAATTAATGCTTGTAAGACATAATAATAACAATTGAATGTCTGCACAGCCGCTTTCCACACAGACATCATAACAAAAAATTTTCACCAAANNNCCCCCCCTCCCCCCGCTTCTGGCCACAGCACTTAAACANNNNNNNNNNNNNNNNNNNNNNNNN
spain23,caucasian,NNTGCACGCGATAGCATTGCGAGACGCTGGAGCCGGAGCACCCTATGTCGCAGTATCTGTCTTTGATTCCTGCCTCATTCTATTATTTATCGCACCTACGTTCAATATTACAGGCGAACNATACTTACTAAAGTGTGTTAATTAATTAATGCTTGTAGGACATAATAATAACAATTGAATGTCTGCACAGCCGCTTTCCACACAGACATCATAACAAAAAATTTCCACCAAANNCCCCCCCCTCCCCCCGCTTCTGGCCACAGCACTTAAACNNNNNNNNNNNNNNNNNNNNNNNNNN
spain24,caucasian,NNTGCACGCGATAGCATTGCGAGACGCTGGAGCCGGAGCACCCTATGTCGCAGTATCTGTCTTTGATTCCTGCCTCATTCTATTATTTATCGCACCTACGTTCAATATTACAGGCGAACNATACTTACTAAAGTGTGTTAATTAATTAATGCTTGTAGGACATAATAATAACAATTGAATGTCTGCACAGCCGCTTTCCACACAGACATCATAACAAAAAATTTCCACCAAANCCCCCCCCCTCCCCCCGCTTCTGGCCACAGCACTTAAANNNNNNNNNNNNNNNNNNNNNNNNNNN
spain25,caucasian,NNTGCACGCGATAGCATTGCGAGACGCTGGAGCCGGAGCACCCTATGTCGCAGTATCTGTCTTTGATTCCTGCCTCATCCCATTATTTATCGCACCTACGTTCAATATTACAGGCGAACNATACTTACTAAAGTGTGTTAATTAATTAATGCTTGTAGGACATAATAATAACAATTGAATGTCTGCACAGCCGCTTTCCACACAGACATCATAACAAAAAATTTCCACCAAANNNCCCCCCCTCCCCCCGCTTCTGGCCACAGCACTTAAACANNNNNNNNNNNNNNNNNNNNNNNNN
spain26,caucasian,NNTGCACGCGATAGCATTGCGAGACGCTGGAGCCGGAGCACCCTATGTCGCAGTATCTGTCTTTGATTCCTGCCTCATCCTATTATTTATCGCACCTACGTTCAATATTACAGGCGAACNATACTTACTAAAGTGTGTTAATTAATTAATGCTTGTAGGACATAATAATAACAATTGAATGTCTGCACAGCCGCTTTCCACACAGACATCATAACAAAAAATTTCCACCAAANNNCCCCCCCTCCCCCCGCTTCTGGCCACAGCACTTAAACANNNNNNNNNNNNNNNNNNNNNNNNN
spain27,caucasian,NNTGCACGCGATAGCATTGCGAGACGCTGGAGCCGGAGCACCCTATGTCGCAGTATCTGTCTTTGATTCCTGCCTCATTCTATTATTTATCGCACCTACGTTCAATATTACAGGCGAACNATACCTATTAAAGTGTGTTAATTAATTAATGCTTGTAGGACATAATAATAACAATTGAATGTCTGCACAGCCGCTTTCCACACAGACATCATAACAAAAAATTTCCACCAAANNNCCCCCCCTCCCCCCGCTTCTGGCCACAGCACTTAAACANNNNNNNNNNNNNNNNNNNNNNNNN
spain28,caucasian,NNTGCACGCGATAGCATTGCGAGACGCTGGAGCCGGAGCACCCTATGTCGCAGTATCTGTCTTTGATTCCTGCCTCATTCTATTATTTATCGCACCTACGTTCAATATTACAGGCGAACNATACTTACTAAAGTGTGTTAATTAATTAATGCTTGTAGGACATAATAATAACAATTGAATGTCTGCACAGCCGCTTTCCACACAGACATCATAACAAAAAATTTCCACCAAANNCCCCCCCCTCCCCCCGCTTCTGGCCACAGCACTTAAACNNNNNNNNNNNNNNNNNNNNNNNNNN
spain29,caucasian,NNTGCACGCGATAGCATTGCGAGACGCTGGAGCCGGAGCACCCTATGTCGCAGTATCTGTCTTTGATTCCTGCCTCATCCTATTATTTATCGCACCTACGTTCAATATTACAGGCGAACNATACTTACTAAAGTGTGTTAATTAATTAATGCTTGTAGGACATAATAATAACAATTGAATGTCTGCACAGCCGCTTTCCACACAGACATCATAACAAAAAATTTCCACCAAANNCCCCCCCCTCCCCCCGCTTCTGGCCACAGCACTTAAACNNNNNNNNNNNNNNNNNNNNNNNNNN
spain30,caucasian,NNTGCACGCGATAGCATTGCGAGACGCTGGAGCCGGAGCACCCTATGTCGCAGTATCTGTCTTTGATTCCTGCCTCATCCTATTATTTATCGCACCTACGTTCAATATTACAGGCGAACNATACTTACTAAAGTGTGTTAATTAATTAATGCTTGTAGGACATAATAATAACAATTGAATGTCTGCACAGCCGCTTTCCACACAGACATCATAACAAAAAATTTCCACCAAANNNCCCCCCCTCCCCCCGCTTCTGGCCACAGCACTTAAACANNNNNNNNNNNNNNNNNNNNNNNNN
spain31,caucasian,NNTGCACGCGATAGCATTGCGAGACGCTGGAGCCGGAGCACCCTATGTCGCAGTATCTGTCTTTGATTCCTGCCTCATCCTATTATTTATCGCACCTACGTTCAATATTACAGGCGAACNATACTTACTAAAGTGTGTTAATTAATTAATGCTTGTAGGACATAATAATAACAATTGAATGTCTGCACAGCCGCTTTCCACACAGACATCATAACAAAAAATTTCCACCAAANNNCCCCCCCTCCCCCCGCTTCTGGCCACAGCACTTAAACANNNNNNNNNNNNNNNNNNNNNNNNN
spain32,caucasian,NNTGCACGCGATAGCATTGCGAGACGCTGGAGCCGGAGCACCCTATGTCGCAGTATCTGTCTTTGATTCCTGCCTCATCCTATTATTTATCGCACCTACGTTCAATATTACAGGCGAACNATACTTACTAAAGTGTGTTAATTAATTAATGCTTGTAGGACATAATAATAACAATTGAATGTCTGCACAGCCGCTTTCCACACAGACATCATAACAAAAAATTTCCACCAAANNCCCCCCCCTCCCCCCGCTTCTGGCCACAGCACTTAAACNNNNNNNNNNNNNNNNNNNNNNNNNN
spain33,caucasian,NNTGCACGCGATAGCATTGCGAGACGCTGGAGCCGGAGCACCCTATGTCGCAGTATCTGTCTTTGATTCCTGCCTCATCCTATTATTTATCGCACCTACGTTCAATATTACAGGCGAACNATACTTACTAAAGTGTGTTAATTAATTAATGCTTGTAGGACATAATAATAACAATTGAATGTCTGCACAGCCGCTTTCCACACAGACATCATAACAAAAAATTTCCACCAAANNNCCCCCCCTCCCCCCGCTTCTGGCCACAGCACTTAAACANNNNNNNNNNNNNNNNNNNNNNNNN
spain34,caucasian,NNTGCACGCGATAGCATTGCGAGACGCTGGAGCCGGAGCACCCTATGTCGCAGTATCTGTCTTTGATTCCTGCCTCATCCTATTATTTATCGCACCTACGTTCAATATTACAGGCGAACNATACCTACTAAAGTGTGTTAATTAATTAATGCTTGTAGGACATAATAATAACAATTGAATGTCTGCACAGCCGCTTTCCACACAGACATCATAACAAAAAATTTCCACCAAANNNCCCCCCCTCCCCCCGCTTCTGGCCACAGCACTTAAACANNNNNNNNNNNNNNNNNNNNNNNNN
spain35,caucasian,NNTGCACGCGATAGCATTGCGAGACGCTGGAGCCGGAGCACCCTATGTCGCAGTATCTGTCTTTGATTCCTGCCTCATCCTATTATTTATCGCACCTACGTTCAATATTACAGGCGAACNATACCTACTAAAGTGTGTTAATTAATTAATGCTTGTAGGACATAATAATAACAATTGAATGTCTGCACAGCCGCTTTCCACACAGACATCATAACAAAAAATTTCCACCAAANNNCCCCCCCTCCCCCCGCTTCTGGCCACAGCACTTAAACANNNNNNNNNNNNNNNNNNNNNNNNN
spain36,caucasian,NNTGCACGCGATAGCATTGCGAGACGCTGGAGCCGGAGCACCCTATGTCGCAGTATCTGTCTTTGATTCCTGCCTCATCCTATTATTTATCGCACCTACGTTCAATATTACAGGCGAACNATACTTACTAAAGTGTGTTAATTAATTAATGCTTGTAGGACATAATAATAACAATTGAATGTCTGCACAGCCGCTTTCCACACAGACATCATAACAAAAAATTTCCACCAAANCCCCCCCCCTCCCCCCGCTTCTGGCCACAGCACTTAAANNNNNNNNNNNNNNNNNNNNNNNNNNN
spain37,caucasian,NNTGCACGCGATAGCATTGCGAGACGCTGGAGCCGGAGCACCCTATGTCGCAGTATCTGTCTTTGATTCCTGCCTCATCCTATTATTTATCGCACCTACGTTCAATATTACAGGCGAACNATACTTACTAAAGTGTGTTAATTAATTAATGCTTGTAGGACATAATAATAACAATTGAATGTCTGCACAGCCGCTTTCCACACAGACATCATAACAAAAAATTTCCACCAAANNNCCCCCCCTCCCCCCGCTTCTGGCCACAGCACTTAAACANNNNNNNNNNNNNNNNNNNNNNNNN
spain38,caucasian,NNTGCACGCGATAGCATTGCGAGACGCTGGAGCCGGAGCACCCTATGTCGCAGTATCTGTCTTTGATTCCTGCCTCATCCTATTATTTATCGCACCTACGTTCAATATTACAGGCGAACNATACTTACTAAAGTGTGTTAATTAATTAATGCTTGTAGGACATAATAATAACAATTGAATGTCTGCACAGCCGCTTTCCACACAGACATCATAACAAAAAATTTCCACCAAANNCCCCCCCCTCCCCCCGCTTCTGGCCACAGCACTTAAACNNNNNNNNNNNNNNNNNNNNNNNNNN
spain39,caucasian,NNTGCACGCGATAGCATTGCGAGACGCTGGAGCCGGAGCACCCTATGTCGCAGTATCTGTCTTTGATTCCTGCCCCATCCTATTATTTATCGCACCTACGTTCAATATTACAGGCGAACNATACTTACTAAAGTGTGTTAATTAATTAATGCTTGTAGGACATAATAATAACAATTGAATGTCTGCACAGCCGCTTTCCACACAGACATCATAACAAAAAATTTCCACCAAANNCCCCCCCCTCCCCCCGCTTCTGGCCACAGCACTTAAACNNNNNNNNNNNNNNNNNNNNNNNNNN
spain40,caucasian,NNTGCACGCGATAGCATTGCGAGACGCTGGAGCCGGAGCACCCTATGTCGCAGTATCTGTCTTTGATTCCTGCCTCATTCCATTATTTATCGCACCTACGTTCAATATTACAGGCGAACNATACCTACTAAAGTGTGTTAATTAGTTAATGCTTGTAGGACATAATAATAACAATTGAATGTCTGCACAGCCGCTTTCCACACAGACATCATAACAAAAAATTTTCACCAAANNCCCCCCCCTCCCCCCGCTCCTGGCCACAGCACTTAAACNNNNNNNNNNNNNNNNNNNNNNNNNN
spain41,caucasian,NNTGCACGCGATAGCATTGCGAGACGCTGGAGCCGGAGCACCCTATGTCGCAGTATCTGTCTTTGATTCCTGCCTCATCCTATTATTTATCGCACCTACGTTCAATATTACAGACGAACNATACTTACTAAAGTGTGTTAATTAATTAATGCTTGTAAGACATAATAATAACAATTGAATGTCTGCACAGCCGCTTTCCACACAGACATCATAACAAAAAATTTTCACCAAANNNCCCCCCCTCCCCCCGCTTCTGGCCACAGCACTTAAACANNNNNNNNNNNNNNNNNNNNNNNNN
spain42,caucasian,NNTGCACGCGATAGCATTGCGAGACGCTGGAGCCGGAGCACCCTATGTCGCAGTATCTGTCTTTGATTCCTGCCTCATCTTATTATTTATCGCACCTACGTTCAATATTACAGACGAACNATACTTACTAAAGTGTGTTAATTAATTAATGCTTGTAAGACATAATAATAACAATTGAATGTCTGCACAGCCGCTTTCCACACAGACATCATAACAAAAAATTTTCACCAAANNNCCCCCCCTCCCCCCGCTTCTGGCCACAGCACTTAAACANNNNNNNNNNNNNNNNNNNNNNNNN
spain43,caucasian,NNTGCACGCGATAGCATTGCGAGACGCTGGAGCCGGAGCACCCTATGTCGCAGTATCTGTCTTTGATTCCTGCCTCATCCTATTATTTATCGCACCTACGTTCAATATTACAGACGGACNATACTTACTAAAGTGTGTTAATTAATTAATGCTTGTAAGACATAATAATAACAATTGAATGTCTGCACAGCCGCTTTCCACACAGACATCATAACAAAAAATTTTCACCAAANNCCCCCCCCTCCCCCCGCTTCTGGCCACAGCACTTAAACNNNNNNNNNNNNNNNNNNNNNNNNNN
spain44,caucasian,NNTGCACGCGATAGCATTGCGAGACGCTGGAGCCGGAGCACCCTATGTCGCAGTATCTGTCTTTGATTCCTGCCTCATCCTATTATTTATCGCACCTACGTTCAATATTACAGACGGACNATACTTACTAAAGTGTGTTAATTAATTAATGCTTGTAAGACATAATAATAACAATTGAATGTCTGCACAGCCGCTTTCCACACAGACATCATAACAAAAAATTTTCACCAAANNNCCCCCCCTCCCCCCGCTTCTGGCCACAGCACTTAAACANNNNNNNNNNNNNNNNNNNNNNNNN
spain45,caucasian,NNTGCACGCGATAGCATTGCGAGACGCTGGAGCCGGAGCACCCTATGTCGCAGTATCTGTCTTTGATTCCTGCCTCATCCTATTATTTATCGCACCTACGTTCAATATTACAGACGAACNATACTTACTAAAGTGTGTTAATTAATTAATGCTTGTAAGACATAATAATAACAATTGAATGTCTGCACAGCCGCTTTCCACACAGACATCATAACAAAAAATTTTCACCAAANNNCCCCCCCTCCCCCCGCTTCTGGCCACAGCACTTAAACANNNNNNNNNNNNNNNNNNNNNNNNN
spain46,caucasian,NNTGCACGCGATAGCATTGCGAGACGCTGGAGCCGGAGCACCCTATGTCGCAGTATCTGTCTTTGATTCCTGCCTCATTCTATTATTTATCGCACCTACGTTCAATATTACAGGCGAACNATACTTACTAAAGTGTGTTAATTAATTAATGCTTGTAGGACATAATAATAACAATTGAATGTCTGCACAGCCGCTTTCCACACAGACATCATAACAAAAAATTTCCACCAAANNNCCCCCCCTCCCCCCGCTTCTGGCCACAGCACTTAAACANNNNNNNNNNNNNNNNNNNNNNNNN
spain47,caucasian,NNTGCACGCGATAGCATTGCGAGACGCTGGAGCCGGAGCACCCTATGTCGCAGTATCTGTCTTTGATTCCTGCCTCATTCTATTATTTATCGCACCTACGTTCAATATTACAGGCGAACNATATTTACTAAAGTGTGTTAATTAATTAATGCTTGTAGGACATAATAATAACAATTGAATGTCTGCACAGCCGCTTTCCACACAGACATCATAACAAAAAATTTCCACCAAANNCCCCCCCCTCCCCCCGCTTCTGGCCACAGCACTTAAACNNNNNNNNNNNNNNNNNNNNNNNNNN
spain48,caucasian,NNTGCACGCGATAGCATTGCGAGACGCTGGAGCCGGAGCACCCTATGTCGCAGTATCTGTCTTTGATTCCTGCCTCATTCTATTATTTATCGCACCTACGTTCAATATTACAGGCGAACNATACTTACTAAAGTGTGTTAATTAATTAATGCTTGTAGGACATAATAATAACAATTGAATGTCTGCACAGCCGCTTTCCACACAGACATCATAACAAAAAATTTCCACCAAANNCCCCCCCCTCCCCCCGCTTCTGGCCACAGCACTTAAACNNNNNNNNNNNNNNNNNNNNNNNNNN
spain49,caucasian,NNTGCACGCGATAGCATTGCGAGACGCTGGAGCCGGAGCACCCTATGTCGCAGTATCTGTCTTTGATTCCTGCCTCATTCTATTATTTATCGCACCTACGTTCAATATTACAGGCGAACNATACTTACTAAAGTGTGTTAATTAATTAATGCTTGTAGGACATAATAATAACAATTGAATGTCTGCACAGCCGCTTTCCACACAGACATCATAACAAAAAATTTCCACCAAANNNCCCCCCCTCCCCCCGCTTCTGGCCACAGCACTTAAACANNNNNNNNNNNNNNNNNNNNNNNNN
spain50,caucasian,NNTGCACGCGATAGCATTGCGAGACGCTGGAGCCGGAGCACCCTATGTCGCAGTATCTGTCTTTGATTCCTGCCTCATCCTATTATTTATCGCACCTACGTTCAATATTACAGGCGAACNATACTTACTAAAGTGTGTTAATTAATTAATGCTTGTAGGACATAATAATAACAATTGAATGTCTGCACAGCCGCTTTCCACACAGACATCATAACAAAAAATTTCCACCAAANNNCCCCCCCTCCCCCCGCTTCTGGCCACAGCACTTAAACANNNNNNNNNNNNNNNNNNNNNNNNN
kenya1,african,NGTGCACGCGATAGCATTGCGAGACGCTGGAGCCGGAGCACCCTATGTCGCAGTATCTGTCTTTGATTCCTGCCTCATCCTATTATTTATCGCACCTACGTTCAATATTACAGGCGAACNATACTTACTAAAGTGTGTTAATTAATTAATGCTTGTAGGACATAATAATAACAATTGAATGTCTGCACAGCCGCTTTCCACACAGACATCATAACAAAAAATTTCCACCAAANNNCCCCCCCTCCCCCCGCTTCTGGCCACAGCACTTAAACNNNNNNNNNNNNNNNNNNNNNNNNNN
kenya2,african,NGTGCACGCGATAGCATTGCGAGACGCTGGAGCCGGAGCACCCTATGTCGCAGTATCTGTCTTTGATTCCTGCCTCATCCTATTATTTATCGCACCTACGTTCAATATTACAGGCGAACNATACTTACTAAAGTGTGTTAATTAATTAATGCTTGTAGGACATAATAATAACAATTGAATGTCTGCACAGCCGCTTTCCACACAGACATCATAACAAAAAATTTCCACCAAANNNCCCCCCCTCCCCCCGCTTCTGGCCACAGCACTTAAACNNNNNNNNNNNNNNNNNNNNNNNNNN
kenya3,african,NGTGCACGCGATAGCATTGCGAGACGCTGGAGCCGGAGCACCCTATGTCGCAGTATCTGTCTTTGATTCCTGCCTCATCCTATTATTTATCGCACCTACGTTCAATATTACAGGCGAACNATACTTACTAAAGTGTGTTAATTAATTAATGCTTGTAGGACATAATAATAACAATTGAATGTCTGCACAGCCGCTTTCCACACAGACATCATAACAAAAAATTTCCACCAAANNNCCCCCCCTCCCCCCGCTTCTGGCCACAGCACTTAAACNNNNNNNNNNNNNNNNNNNNNNNNNN
kenya4,african,NGTGCACGCGATAGCATTGCGAGACGCTGGAGCCGGAGCACCCTATGTCGCAGTATCTGTCTTTGATTCCTGCCTCATCCTATTATTTATCGCACCTACGTTCAATATTACAGGCGAACNATACTTACTAAAGTGTGTTAATTAATTAATGCTTGTAGGACATAATAATAACAATTGAATGTCTGCACAGCCGCTTTCCACACAGACATCATAACAAAAAATTTCCACCAAANNNCCCCCCCTCCCCCCGCTTCTGGCCACAGCACTTAAACNNNNNNNNNNNNNNNNNNNNNNNNNN
kenya5,african,NATGCACGCGATAGCATCGCGGGACGCTGGAGCCGGAGCACCCTATGTCGCAGTATCTGTCTTTGATTCCTGCCTCATCCCATTATTTATCGCACCTACGTTCAATATTACAGGCGAGCNATACTTACTAAAGTGTGTTAATTAATTAATGCTTGTAGGACATAACAATAACAATTAAATGTCTGCACAGCCGCTTTCCACACAGACATCATAACAAAAAATTTCCACCAAANNNCCCCCCCTCCCCCCGCTTCTGGCCACAGCACTTAAACNNNNNNNNNNNNNNNNNNNNNNNNNN
kenya6,african,NGTGCACGCGATAGCATTGCGAGACGCTGGAGCCGGAGCACCCTATGTCGCAGTATCTGTCTTTGATTCCTGCCCCATTCTATTATTTATCGCACCTACGTTCAATATTACAGGCGAACNATACCTACTAAAGTGTGTTAATTAATTAATGCTTGTAGGACATAATAATAACAATTGAATGTCTGCACAGCCGCTTTCCACACAGACATCATAACAAAAAATTTCCACCAAANNNCCCCCCCTCCCCCCGCTTCTGGCCACAGCACTTAAACNNNNNNNNNNNNNNNNNNNNNNNNNN
kenya7,african,NGTGCACGCGATAGCATTGCGAGACGCTGGAGCCGGAGCACCCTATGTCGCAGTATCTGTCTTTGATTCCTGCCTCATCCTATTATTTATCGCACCTACGTTCAATATTACAGGCGAACNATACCTATTAAAGTGTGTTAATTAATTAATGCTTGTAGGACATAATAATAACAATTGAATGTCTGCACAGCCGCTTTCCACACAGACATCATAACAAAAAATTTCCACCAAANNNCCCCCCCTCCCCCCGCTTCTGGCTACAGCACTTAAACNNNNNNNNNNNNNNNNNNNNNNNNNN
kenya8,african,NATGCACGCGATAGCATTGCGGGACGCTGGAGCCGGAGCACCCTATGTCGCAGTATCTGTCTTTGATTCCTGCCTCATCCTATTATTTATCGCACCTACGTTCAATATTACAGACGAGCNATACTTACTGAAGTGTGTTAATTAATTAATGCTTGTAGGACATAACAATAACAATTAAATGTCTGCACAGCCGCTTTCCACACAGACATCATAACAAAAAATTTCCACCAAANNCCCCCCCCTCCCCCCGCTTCTGGCCACAGCACTTAAANNNNNNNNNNNNNNNNNNNNNNNNNNN
kenya9,african,NGTGCACGCGATAGCATTGCGAGACGCTGGAGCCGGAGCACCCTATGTCGCAGTATCTGTCTTTGATTCCTGCCCCATCCCATTATTTATCGCACCTACGTTCAATATTACAGGCGAACNATACTTACTAAAGTGTATTAATTAATTAATGCTTGTAGGACATAATAATAACAATTGAATGTCTGCACAGCCGCTTTCCACACAGACATCATAACAAAAAATTTCCACCAAANNNCCCCCCCTCCCCCCGCTTCTGGCCACAGCACTTAAACNNNNNNNNNNNNNNNNNNNNNNNNNN
kenya10,african,NGTGCACGCGATAGCATTGCGAGACGCTGGAGCCGGAGCACCCTATGTCGCAGTATCTGTCTTTGATTCCTACCCCATCCCATTATTTATCGCACCTACGTTCAATATTACAGGCGAACNATACCTACTAAAGTGTGTTAATTAATTAATGCTTGTAGGACATAATAATAACAATTGAATGTCTGCACAGCCGCTTTCCACACAGACATCATAACAAAAAATTTCCACCAAANNNCCCCCCCTCCCCCCGCTTCTGGCCACAGCACTTAAACNNNNNNNNNNNNNNNNNNNNNNNNNN
kenya11,african,NGTGCACGCGATAGCATTGCGAGACGCTGGAGCCGGAGCACCCTATGTCGCAGTATCTGTCTTTGATTCCTGCCCCATCCCATTATTTATCGCACCTACGTTCAATATTACAGGCGAACNATACCTACTAAAGTGTGTTAATTAATTAATGCTTGTAGGACATAATAATAACAATTGAATGTCTGCACAGCCGCTTTCCACACAGACATCATAACAAAAAATTTCCACCAAANNCCCCCCCCTCCCCCCGCTTCTGGCCACAGCACTTAAANNNNNNNNNNNNNNNNNNNNNNNNNNN
kenya12,african,NGTGCACGCGATAGCATTGCGGGACGCTGGAGCCGGAGCACCCTATGTCGCAGTATCTGTCTTTGATTCCTGCCCCATCCCATTATTTATCGCACCTACGTTCAATATTACAGGCGAACNATACTTACTAAAGTGTGTTAATTAATTAATGCTTGTAGGACATAATAATAACAATTGAATGTCTGCACAGCCGCTTTCCACACAGACATCATAACAAAAAATTTCCACCAAANNNCCCCCCCTCCCCCCGCTTCTGGCCACAGCACTTAAACNNNNNNNNNNNNNNNNNNNNNNNNNN
kenya13,african,NGTGCACGCGATAGCATTGCGAGACGCTGGAGCCGGAGCACCCTATGTCGCAGTATCTGTCTTTGATTCCTGCCCCATCCCATTATTTATCGCACCTACGTTCAATATTACAGGCGAACNATACCTACTAAAGTGTGTTAATTAATTAATGCTTGTAGGACATAATAATAACAATTGAATGTCTGCACAGCCGCTTTCCACACAGACATCATAACAAAAAATTTCCACCAAANNNCCCCCCCTCCCCCCGCTTCTGGCCACAGCACTTAAACNNNNNNNNNNNNNNNNNNNNNNNNNN
kenya14,african,NATGCACGCGATAGCATTGCGGGCCGCTGGAGCCGGAGCACCCTATGTCGCAGTATCTGTCTTTGATTCCTGCCTCATCCTATTATTTATCGCACCTACGTTCAATATTACAGACGAGCNATACTTACTAAAGTGTGTTAATTAATTAATGCTTGTAGGACATAACAATAACAATTAAATGTCTGCACAGCCGCTTTCCACACAGACATCATAACAAAAAATTTCCACCAAANNNCCCCCCCTCCCCCCGCTTCTGGCCACAGCACTTAAACNNNNNNNNNNNNNNNNNNNNNNNNNN
kenya15,african,NGTGCACGCGATAGCATTGCGAGACGCTGGAGCCGGAGCACCCTATGTCGCAGTATCTGTCTTTGATTCCTGCCCCATCCTATTATTTATCGCACCTACGTTCAATATTACAGGCGAACNATACTTACTAAAGTGTGTTAATTAATTAATGCTTGTAGGACATAATAATAACAGTTGAATGTCTGCACAGCCGCTTTCCACACAGACATCATAACAAAAAATTTCCACCAAANNNCCCCCCCTCCCCCCGCTTCTGGCCACAGCACTTAAACNNNNNNNNNNNNNNNNNNNNNNNNNN
kenya16,african,NGTGCACGCGATAGCATTGCGAGACGCTGGAGCCGGAGCACCCTATGTCGCAGTATCTGTCTTTGATTCCTGCCTCATCCCATTATTTATCGCACCTACGTTCAATATTATAGGCGAACNATACCTACTAAAGTGTGTTAATTAATTAATGCTTGTAGGACATAATAATAACAATTAAATGTCTGCACAGCCGCTTTCCACACAGACATCATAACAAAAAATTTCCACCAAANNNCCCCCCCTCCCCCCGCTTCTGGCCACAGCACTTAAACNNNNNNNNNNNNNNNNNNNNNNNNNN
kenya17,african,NGTGCACGCGATAGCATTGCGAGACGCTGGAGCCGGAGCACCCTATGTCGCAGTATCTGTCTTTGATTCCTGCCTCATCTCATTATTTATCGCACCTACGTTCAATATTACAGGCGACCNATACCTACTAAAGTGTGTTAATTAATTAATGCTTGTAGGACATAATAATAACAATTGAATGTCTGCACAGCCGCTTTCCACACAGACATCATAACAAAAAATTCCCACCAAANNNCCCCCCCTCCCCCCGCTTCTGGCCACAGCACTTAAACNNNNNNNNNNNNNNNNNNNNNNNNNN
kenya18,african,NGTGCACGCGATAGCATTGCGAGACGCTGGAGCCGGAGCACCCTATGTCGCAGTATCTGTCTTTGATTCCTGCCTCATTCCATTATTTATCGCACCTACGTTCAATATTACAGGCGAGCNATACTTACTAAAGTGTGTTAATTAATTAATGCTTGTAGGACATAATAATAACAATTGAATGTCTGCACAGCCGCTTTCCACACAGACATCATAACAAAAAATTTCCACCAAANNNCCCCCCCTCCCCCCGCTTCTGGCCACAGCACTTAAACNNNNNNNNNNNNNNNNNNNNNNNNNN
kenya19,african,NNTGCACGCGATAGCATTGCGAGACGCTGGAGCCGGAGCACCCTATGTCGCAGTATCTGTCTTTGATTCCTGCCTCATTCTATTATTTATCGCACCTACGTTCAATATTACAGACGAGCNATACTTACTAAAGTGTGTTAATTAATTAATGCTTGTAGGACATAATAATAACAATTGAATGTCTGCACAGCCGCTTTCCACACAGACATCATAACAAAAAATTTCCACCAAANNCCCCCCCCTCCCCCCGCTTCTGGCCACAGCACTTAAACNNNNNNNNNNNNNNNNNNNNNNNNNN
kenya20,african,NATGCACGCGATAGCATTGCGGGCCGCTGGAGCCGGAGCACCCTATGTCGCAGTATCTGTCTTTGATTCCTGCCTCATCCTATTATTTATCGCACCTACGTTCAATATTACAGGCGAACNATACCTACTAAAGTGTGTTAATTAATTAATGCTTGTAGGACATAACAATAACAATTAAATGTCTGCACAGCCGCTTTCCACACAGACATCATAACAAAAAATTTCCACCAAANNNCCCCCCCTCCCCCCGCTTCTGGCCACAGCACTTAAACNNNNNNNNNNNNNNNNNNNNNNNNNN
kenya21,african,NGTGCACGCGATAGCATTGCGAGACGCTGGAGCCGGAGCACCCTATGTCGCAGTATCTGTCTTTGATTCCTGCCCCATCCTATTATTTATCGCACCTACGTTCAATATTACAGGCGAACNATACTTACTAAAGTGTGTTAATTAATTAATGCTTGTAGGACATAATAATAACAGTTGAATGTCTGCGCAGCCGCTTTCCACACAGACATCATAACAAAAAATTTCCACCAAANNNCCCCCCCTCCCCCCGCTTCTGGCCACAGCACTTAAACNNNNNNNNNNNNNNNNNNNNNNNNNN
kenya22,african,NGTGCACGCGATAGCATTGCGAGACGCTGGAGCCGGAGCACCCTATGTCGCAGTATCTGTCTTTGATTCCTGCCTCATTCCATTATTTATCGCACCTACGTTCAATATTACAGGCGAGCNATACCTACTGAAGTGTATTAATTAATTAATGCTTGTAGGACATAATAATAACAATTGAATGTCTGCACAGCCGCTTTCCACACAGACATCATAACAAAAAATTTCCACCAAANNCCCCCCCCTCCCCCCGCTTCTGGCCACAGCACTTAAANNNNNNNNNNNNNNNNNNNNNNNNNNN
kenya23,african,NATGCACGCGATAGCATTGCGGGCCGCTGGAGCCGGAGCACCCTATGTCGCAGTATCTGTCTTTGATTCCTGCCTCATCCTATTATTTATCGCACCTACGTTCAATATTACAGACGAGCNATACTTACTAAAGTGTGTTAATTAATTAATGCTTGTAGGACATAACAATAACAATTAAATGTCTGCACAGCCGCTTTCCACACAGACATCATAACAAAAAATTTCCACCAAANNCCCCCCCCTCCCCCCGCTTCTGGCCACAGCACTTAAANNNNNNNNNNNNNNNNNNNNNNNNNNN
kenya24,african,NATGCACGCGATAGCATTGCGGGACGCTGGAGCCGGAGCACCCTATGTCGCAGTATCTGTCTTTGATTCCTGCCCCATCCTATTATTTATCGCACCTACGTTCAATATTACAGACGAGCNATACTTACTGAAGTGTGTTAATTAATTAATGCTTGTAGGACATAACAATAACAATTAAATGTCTGCACAGCCGCTTTCCACACAGACATCATAACAAAAAATTTCCACCAAANNCCCCCCCCTCCCCCCGCTTCTGGCCACAGCACTTAAANNNNNNNNNNNNNNNNNNNNNNNNNNN
kenya25,african,NGTGCACGCGATAGCATTGCGAGACGCTGGAGCCGGAGCACCCTATGTCGCAGTATCTGTCTTTGATTCCTGCCTCATCCTATTATTTATCGCACCTACGTTCAATATTACAGGCGAACNATACTTACTAAAGTGTGTTAATTAATTAATGCTTGTAGGACATAATAATAACAATTGAATGTCTGCACAGCCGCTTTCCACACAGACATCATAACAAAAAATTTCCACCAAANNNCCCCCCCTCCCCCCGCTTCTGGCCACAGCACTTAAACNNNNNNNNNNNNNNNNNNNNNNNNNN
kenya26,african,NGTGCACGCGATAGCATTGCGAGACGCTGGAGCCGGAGCACCCTATGTCGCAGTATCTGTCTTTGATTCCTGCCTCATCCTATTATTTATCGCACCTACGTTCAATATTACAGGCGAACNATACTTACTAAAGTGTGTTAATTAATTAATGCTTGTAGGACATAATAATAACAATTGAATGTCTGCACAGCCGCTTTCCACACAGACATCATAACAAAAAATTTCCACCAAANNNCCCCCCCTCCCCCCGCTTCTGGCCACAGCACTTAAACNNNNNNNNNNNNNNNNNNNNNNNNNN
kenya27,african,NGTGCACGCGATAGCATTGCGAGACGCTGGAGCCGGAGCACCCTATGTCGCAGTATCTGTCTTTGATTCCTACCCCATCCCATTATTTATCGCACCTACGTTCAATATTACAGGCGAACNATACCTACTAAAGTGTGTTAATTAATTAATGCTTGTAGGACATAATAATAACAATTGAATGTCTGCACAGCCGCTTTCCACACAGACATCATAACAAAAAATTTCCACCAAANNCCCCCCCCTCCCCCCGCTTCTGGCCACAGCACTTAAANNNNNNNNNNNNNNNNNNNNNNNNNNN
kenya28,african,NGTGCACGCGATAGCATTGCGAGACGCTGGAGCCGGAGCACCCTATGTCGCAGTATCTGTCTTTGATTCCTGCCTCATCCTATTATTTATCGCACCTACGTTCAATATTACAGGCGAACNATACCTACTAAAGTGTGTTAATTAATTAATGCTTGTAGGACATAATAATAACAATTGAATGTCTGCACAGCCGCTTTCCACACAGACATCATAACAAAAAATTTCCACCAAANNCCCCCCCCTCCCCCCGCTTCTGGCCACAGCACTTAAANNNNNNNNNNNNNNNNNNNNNNNNNNN
kenya29,african,NGTGCACGCGATAGCATTGCGAGACGCTGGAGCCGGAGCACCCTATGTCGCAGTATCTGTCTTTGATTCCTGCCTCATCTCATTATTTATCGCACCTACGTTCAATATTATGGGAGACCNATACTTACTAAAGTGTGTTAATTAATTAATGCTTGTAGGACATAATAATAACAATTAAATGTCTGCACAGCCGCTTTCCACACAGACATCATAACAAAAAATTTCCACCAAANNNCCCCCCCTCCCCCCACTTCTGGCCACAGCACTTAAACNNNNNNNNNNNNNNNNNNNNNNNNNN
kenya30,african,NGTGCACGCGATAGCATTGCGAGACGCTGGAGCCGGAGCACCCTATGTCGCAGTATCTGTCTTTGATTCCTGCCCCATCCTATTATTTATCGCACCTACGTTCAATATTACAGGCGAACNATACTTACTAAAGTGTGTTAATTAATTAATGCTTGTAGGACATAATAATAACAATTGAATGTCTGCACAGCCGCTTTCCACACAGACATCATAACAAAAAATTTCCACCAAANNCCCCCCCCTCCCCCCGCTTCTGGCCACAGCACTTAAANNNNNNNNNNNNNNNNNNNNNNNNNNN
kenya31,african,NGTGCACGCGATAGCATTGCGAGACGCTGGAGCCGGAGCACCCTATGTCGCAGTATCTGTCTTTGATTCCTGCCTCATCCCATTATTTATCGCACCTACGTTCAATATTACAGGCGAACNATACTTACTAAAGTGTGTTAATTAATTAATGCTTGTAGGACATAATAATAACAATTGAATGTCTGCACAGCCGCTTTCCACACAGACATCATAACAAAAAATTTCCACCAAANNCCCCCCCCTCCCCCCGCTTCTGGCCACAGCACTTAAANNNNNNNNNNNNNNNNNNNNNNNNNNN
kenya32,african,NGTGCACGCGATAGCATTGCGAGACGCTGGAGCCGGAGCACCCTATGTCGCAGTATCTGTCTTTGATTCCTGCCCCATCCTATTATTTATCGCACCTACGTTCAATATTACAGGCGAGCNATACTTACTAAAGTGTGTTAATTAATTAATGCTTGTAGGACATAATAATAACAGTTGAATGTCTGCGCAGCCGCTTTCCACACAGACATCATAACAAAAAATTCCCACCAAANNCCCCCCCCTCCCCCCGCTTCTGGCCACAGCACTTAAANNNNNNNNNNNNNNNNNNNNNNNNNNN
kenya33,african,NGTGCACGCGATAGCATTGCGAGACGCTGGAGCCGGAGCACCCTATGTCGCAGTATCTGTCTTTGATTCCTGCCTCATTCTATTATTTATCGCACCTACGTTCAATATTACAGGCGAACNATACCTACTAAAGTGTGTTAATTAATTAATGCTTGTAGGACATAATAATAACAATTGAATGTCTGCACAGCCGCTTTCCACACAGACATCATAACAAAAAATTTCCACCAAANNCCCCCCCNTCCCCCCGCTTTTGGCCACAGCACTTAAANNNNNNNNNNNNNNNNNNNNNNNNNNN
kenya34,african,NATGCACGCGATAGCATTGCGAGACGCTGGAGCCGGAGCACCCTATGTCGCAGTATCTGTCTTTGATTCCTACCCCATCCCATTATTTATCGCACCTACGTTCAATATTACAGACGAGCNATACTTACTAAAGTGTGTTAATTAATTAATGCTTGTAGGACATAATAATAACAATTAAATGTCTGCACAGCCGCTTTCCACACAGACATCATAACAAAAAATTTCCACCAAANNNCCCCCCCTCCCCCCGCTTCTGGCCACAGCACTTAAACNNNNNNNNNNNNNNNNNNNNNNNNNN
kenya35,african,NGTGCACGCGATAGCATTGCGAGACGCTGGAGCCGGAGCACCCTATGTCGCAGTATCTGTCTTTGATTCCTGCCTCATCTCATTATTTATCGCACCTACGTTCAATATTATAGTCGAACNATACCTATTAAAGTGTGTTAATTAATTAATGCTTGTAGGACATAATAATAACAATTAAATGTCTGCACAGCCGCTTTCCACACAGACATCATAACAAAAAATTTCCACCAAANNNCCCCCCCTCCCCCCGCTTCTGGCCACAGCACTTAAACNNNNNNNNNNNNNNNNNNNNNNNNNN
kenya36,african,NGTGCACGCGATAGCATTGCGAGACGCTGGAGCCGGAGCACCCTATGTCGCAGTATCTGTCTTTGATTCCTGCCTCATCCCATTATTTATCGCACCTACGTTCAATATTACAGGCGAGCNATACTTACTAAAGTGTGTTAATTAATTAATGCTTGTAGGACATAATAATAACAATTGAATGTCTGCACAGCCGCTTTCCACACAGACATCATAACAAAAAATTTCCACCAAANNCCCCCCCCTCCCCCCGCTTCTGGCCACAGCACTTAAANNNNNNNNNNNNNNNNNNNNNNNNNNN
kenya37,african,NGTGCACGCGATAGCATTGCGAGACGCTGGAGCCGGAGCACCCTATGTCGCAGTATCTGTCTTTGATTCCTGCCTCATCCCATTATTTATCGCACCTACGTTCAATATTACAGGCGAGCNATACTTACTAAAGTGTGTTAATTAATTAATGCTTGTAGGACATAATAATAACAATTGAATGTCTGCACAGCCGCTTTCCACACAGACATCATAACAAAAAATTTCCACCAAANNCCCCCCCCTCCCCCCGCTTCTGGCCACAGCACTTAAANNNNNNNNNNNNNNNNNNNNNNNNNNN
kenya38,african,NGTGCACGCGATAGCATTGCGAGACGCTGGAGCCGGAGCACCCTATGTCGCAGTATCTGTCTTTGATTCCTGCCCCATCCTATTATTTATCGCACCTACGTTCAATATTACAGGCGAACNATACTTACTAAAGTGTGTTAATTAATTAATGCTTGTAGGACATAATAATAACAGTTGAATGTCTGCGCAGCCGCTTTCCACACAGACATCATAACAAAAAATTCCCACCAAANNCCCCCCCCTCCCCCCGCTTCTGGCCACAGCACTTAAANNNNNNNNNNNNNNNNNNNNNNNNNNN
kenya39,african,NGTGCACGCGATAGCATTGCGAGACGCTGGAGCCGGAGCACCCTATGTCGCAGTATCTGTCTTTGATTCCTGCCCCATCCTATTATTTATCGCACCTACGTTCAATATTACAGGCGAACNATACTTACTAAAGTGTGTTAATTAATTAATGCTTGTAGGACATAATAATAACAGTTGAATGTCTGCACAGCCGCTTTCCACACAGACATCATAACAAAAAATTTCCACCAAANNNCCCCCCCTCCCCCCGCTTCTGGCCACAGCACTTAAACNNNNNNNNNNNNNNNNNNNNNNNNNN
kenya40,african,NGTGCACGCGATAGCATTGCGAGACGCTGGAGCCGGAGCACCCTATGTCGCAGTATCTGTCTTTGATTCCTGCCTCATTCTATTATTTATCGCACCTACGTTCAATATTACAGGCGAACNATACCTATTAAAGTGTGTTAATTAATTAATGCTTGTAGGACATAATAATAACAATTGAATGTCTGCACAGCCGCTTTCCACACAGACATCATAACAAAAAATTTCCACCAAANNNCCCCCCCTCCCCCCGCTTCTGGCCACAGCACTTAAACNNNNNNNNNNNNNNNNNNNNNNNNNN
kenya41,african,NGTGCACGCGATAGCATTGCGAGACGCTGGAGCCGGAGCACCCTATGTCGCAGTATCTGTCTTTGATTCCTGCCCCATCCCATTATTTATCGCACCTACGTTCAATATTACAGGCGAACNATACTTACTAAAGTGTGTTAATTAATTAATGCTTGTAGGACATAATAATAACAGTTGAATGTCTGCACAGCCGCTTTCCACACAGACATCATAACAAAAAATTTCCACCAAANNNCCCCCCCTCCCCCCGCTTCTGGCCACAGCACTTAAACNNNNNNNNNNNNNNNNNNNNNNNNNN
kenya42,african,TATGCACGCGATAGCATTGCGAGACGCTGGAGCCGGAGCACCCTATGTCGCAGTATCTGTCTTTGATTCCTGCCCCATCCTATTATTTATCGCACCTACGTTCAATATTACAGACGAGCNATACTTACTAAAGCGTATTAATTAATTAATGCTTGTAGGACATAATAATAACAATTAAATGTCTGCACAGCCACTTTCCACACAGACATCATAACAAAAAATTTCCACCAAANNCCCCCCCCTCCCCCCGCTTCTGGCCACAGCACTTAANNNNNNNNNNNNNNNNNNNNNNNNNNNN
kenya43,african,NATGCACGCGATAGCATTGCGGGACGCTGGAGCCGGAGCACCCTATGTCGCAGTATCTGTCTTTGATTCCTGCCTCATCCCATTATTTATCGCACCTACGTTCAATATTACAGACGAGCNATACTTACTGAAGTGTGTTAATTAATTAATGCTTGTAGGACATAACAATAACAATTAAATGTCTGCACAGCCGCTTTCCACACAGACATCATAACAAAAAATTTCCACCAAANNNCCCCCCCTCCCCCCGCTTCTGGCCACAGCACTTAAACNNNNNNNNNNNNNNNNNNNNNNNNNN
kenya44,african,NGTGCACGCGATAGCATTGCGAGACGCTGGAGCCGGAGCACCCTATGTCGCAGTATCTGTCTTTGATTCCTGCCTCATCCTATTATTTATCGCACCTACGTTCAATATTACAGGCGAGCNATACTTACTGAAGTGTGTTAATTAATTAATGCTTGTAGGACATAATAATAACAATTGAATGTCTGCACAGCCGCTTTCCACACAGACATCATAACAAAAAATTTCCACCAAANNNCCCCCCCTCCCCCCGCTTCTGGCCACAGCACTTAAACNNNNNNNNNNNNNNNNNNNNNNNNNN
kenya45,african,NGTGCACGCGATAGCATTGCGAGACGCTGGAGCCGGAGCACCCTATGTCGCAGTATCTGTCTTTGATTCCTGCCCCATCCTATTATTTATCGCACCTACGTTCAATATTACAGGCGAACNATACTTACTAAAGTGTGTTAATTAATTAATGCTTGTAGGACATAATAATAACAGTTGAATGTCTGCACAGCCGCTTTCCACACAGACATCATAACAAAAAATTTCCACCAAANNNCCCCCCCTCCCCCCGCTTCTGGCCACAGCACTTAAACNNNNNNNNNNNNNNNNNNNNNNNNNN
kenya46,african,NGTGCACGCGATAGCATTGCGAGACGCTGGAGCCGGAGCACCCTATGTCGCAGTATCTGTCTTTGATTCCTGCCTCATCCTATTATTTATCGCACCTACGTTCAATATTACAGGCGAACNATACCTACTAAAGTGTGTTAATTAATTAATGCTTGTAGGACATAATAATAACAATTGAATGTCTGCACAGCCGCTTTCCACACAGACATCATAACAAAAAATTTCCACCAAANNCCCCCCCCTCCCCCCGCTTCTGGCCACAGCACTTAAANNNNNNNNNNNNNNNNNNNNNNNNNNN
kenya47,african,NGTGCACGCGATAGCATTGCGAGACGCTGGAGCCGGAGCACCCTATGTCGCAGTATCTGTCTTTGATTCCTGCCCCATCCTGTTATTTATCGCACCTACGTTCAATATTACAGGCGAACNATACTTACTAAAGTGTGTTAATTAATTAATGCTTGTAGGACATAATAATAACAATTGAATGTCTGCACAGCCGCTTTCCACACAGACATCATAACAAAAAATTTCCACCAAANNNCCCCCCCTCCCCCCGCTTCTGGCCACAGCACTTAAACNNNNNNNNNNNNNNNNNNNNNNNNNN
kenya48,african,NGTGCACGCGATAGCATTGCGAGACGCTGGAGCCGGAGCACCCTATGTCGCAGTATCTGTCTTTGATTCCTGCCCCATCCTATTATTTATCGCACCTACGTTCAATATTACAGGCGAACNATACTTACTAAAGTGTGTTAATTAATTAATGCTTGTAGGACATAATAATAACAGTTGAATGTCTGCACAGCCGCTTTCCACACAGACATCATAACAAAAAATTTCCACCAAANNNCCCCCCCTCCCCCCGCTTCTGGCCACAGCACTTAAACNNNNNNNNNNNNNNNNNNNNNNNNNN
kenya49,african,NATGCACGCGATAGCATTGCGGGACGCTGGAGCCGGAGCACCCTATGTCGCAGTATCTGTCTTTGATTCCTGCCCCATCCCATTATTTATCGCACCTACGTTCAATATTACAGACGAGCNATACTTACTAAAGTGTGTTAATTAATTAATGCTTGTAGGACATAACAATAACAATTAAATGTCTGCACAGCCGCTTTCCACACAGACATCATAACAAAAAATTTCCACCAAANNCCCCCCCCTCCCCCCGCTTCTGGCCACAGCACTTAAANNNNNNNNNNNNNNNNNNNNNNNNNNN
kenya50,african,NGTGCACGCGATAGCATTGCGAGACGCTGGAGCCGGAGCACCCTATGTCGCAGTATCTGTCTTTGATTCCTGCCTCATTCTATTATTTATCGCACCTACGTTCAATATTACAGGCGAACNATACCTACTAAAGTGTGTTAATTAATTAATGCTTGTAGGACATAATAATAACAATTGAATGTCTGCACAGCCGCTTTCCACACAGACATCATAACAAAAAATTTCCACCAAANNCCCCCCCCTCCCCCCGCTTCTGGCCACAGCACTTAAANNNNNNNNNNNNNNNNNNNNNNNNNNN
burkina1,african,NNNNNNNNNNNNNGCATTGCGAGACGCTGGAGCCGGAGCACCCTATGTCGCAGTATCTGTCTTTGATTCCTGCCTCATCCTATTATTTATCGCACCTACGTTCAATATTACAGGCGAGCNATACTTACTGAAGTGTGTTAATTAATTAATGCTTGTAGGACATAATAATAACAATTGAATGTCTGCACAGCCGCTTTCCACACAGACATCATAACAAAAAATTTCCACCAAANNNNNNNNNNNNNNNNNGCTTCTGGCCACAGCACTTAAACACATCTCTGCCAAACCCCAAAAACAA
burkina2,african,NNNNNNNNNNNNNGCATTGCGAGACGCTGGAGCCGGAGCACCCTATGTCGCAGTATCTGTCTTTGATTCCTGCCTCATCCTATTATTTATCGCACCTACGTTCAATATTACAGGCGAGCNATACTTACTAAAGTGTGTTAATTAATTAATGCTTGTAGGACATAATAATAACAATTGAATGTCTGCACAGCCGCTTTCCACACAGACATCATAACAAAAAATTTCCACCAAANNNNNNNNNNNNNNNNNGCTTCTGGCCACAGCACTTAAACACATCTCTGCCAAACCCCAAAAACAA
burkina3,african,NNNNNNNNNNNNNGCATTGCGAGACGCTGGAGCCGGAGCACCCTATGTCGCAGTATCTGTCTTTGATTCCTGCCTCATCCTATTATTTATCGCACCTACGTTCAATATTACAGGCGAACNATACCTACTAAAGTGTGTTAATTAATTAATGCTTGTAGGACATAATAATAACAATTGAATGTCTGCACAGCCGCTTTCCACACAGACATCATAACAAAAAATTCCCACCAAANNNNNNNNNNNNNNNNNGCTTCTGGCCACAGCACTTAAACACATCTCTGCCAAACCCCAAAAACAA
burkina4,african,NNNNNNNNNNNNNGCATTGCGAGACGCTGGAGCCGGAGCCCCCTATGTCGCAGTATCTGTCTTTGATTCCTGCCTCATCCCATTATTTATCGCACCTACGTTCAATATTACAGGCGAACNATACTTACTAAAGTGTGTTAATTAATTAATGCTTGTAGGACATAATAATAACAATTGAATGTCTGCACAGCCGCTTTCCACACAGACATCATAACAAAAAATTTCCACCAAANNNNNNNNNNNNNNNNNGCTTCTGGCCACAGCACTTAAACACATCTCTGCCAAACCCCAAAAACAA
burkina5,african,NNNNNNNNNNNNNGCATTGCGAGACGCTGGAGCCGGAGCACCCTATGTCGCAGTATCTGTCTTTGATTCCTGCCTCATCCCATTATTTATCGCACCTACGTTCAATATTACAGGCGAACNATACTTACTAAAGTGTGTTAATTAATTAATGCTTGTAGGACATAATAATAACAATTGAATGTCTGCACAGCCGCTTTCCACACAGACATCATAACAAAAAATTTCCACCAAANNNNNNNNNNNNNNNNNGCTTCTGGCCACAGCACTTAAACACATCTCTGCCAAACCCCAAAAACAA
burkina6,african,NNNNNNNNNNNNNGCATTGCGAGACGCTGGAGCCGGAGCACCCTATGTCGCAGTATCTGTCTTTGATTCCTGCCTCATCCTATTATTTATCGCACCTACGTTCAATATTACAGGCGAGCNATACTTACTAAAGTGTGTTAATTAATTAATGCTTGTAGGACATAATAATAACAATTGAATGTCTGCACAGCCGCTTTCCACACAGACATCATAACAAAAAATTTCCACCAAANNNNNNNNNNNNNNNNNGCTTCTGGCCACAGCACTTAAACACATCTCTGCCAAACCCCAAAAACAA
burkina7,african,NNNNNNNNNNNNNGCATTGCGAGACGCTGGAGCCGGAGCACCCTATGTCGCAGTATCTGTCTTTGATTCCTGCCTCATCCTATTATTTATCGCACCTACGTTCAATATTACAGGCGAACNATACTTACTAAAGTGTGTTAATTAATTAATGCTTGTAGGACATAATAATAACAATTGAATGTCTGCACAGCCGCTTTCCACACAGACATCATAACAAAAAATTTCCACCAAANNNNNNNNNNNNNNNNNGCTTCTGGCCACAGCACTTAAACACATCTCTGCCAAACCCCAAAAACAA
burkina8,african,NNNNNNNNNNNNNGCATTGCGAGACGCTGGAGCCGGAGCACCCTATGTCGCAGTATCTGTCTTTGATTCCTGCCCCATCCCATTATTTATCGCACCTACGTTCAATATTACAGGCGAACNATACTTACTAAAGTGTGTTAATTAATTAATGCTTGTAGGACATAATAATAACAATTGAATGTCTGCACAACCGCTTTCCACACAGACATCATAACAAAAAATTTCCACCAAANNNNNNNNNNNNNNNNNGCTTCTGGCCACAGCACTTAAACACATCTCTGCCAAACCCCAAAAACAA
burkina9,african,NNNNNNNNNNNNNGCATTGCGAGACGCTGGAGCCGGAGCACCCTATGTCGCAGTATCTGTCTTTGATTCCTGCCCCATCCCATTATTTATCGCACCTACGTTCAATATTACAGGCGAACNATACCTACTAAAGTGTGTTAATTAATTAATGCTTGTAGGACATAATAATAACAATTGAATGTCTGCACAGCCGCTTTCCACACAGACATCATAACAAAAAATTTCCACCAAANNNNNNNNNNNNNNNNNGCTTCTGGCCACAGCACTTAAACACATCTCTGCCAAACCCCAAAAACAA
burkina10,african,NNNNNNNNNNNNNGCATTGCGAGACGCTGGAGCCGGAGCACCCTATGTCGCAGTATCTGTCTTTGATTCCTGCCTCATCCCATTATTTATCGCACCTACGTTCAATATTATAGTCGAGCNATACCTACTAAAGTGTGTTAATTAATTAATGCTTGTAGGACATAATAATAACAATTAAATGTCTGCACAGCCGCTTTCCACACAGACATCATAACAAAAAATTTCCACCAAANNNNNNNNNNNNNNNNNGCTTCTGGCCACAGCACTTAAACACATCTCTGCCAAACCCCGAAAACAA
burkina11,african,NNNNNNNNNNNNNGCATTGCGAGACGCTGGAGCCGGAGCACCCTATGTCGCAGTATCTGTCTTTGATTCCTGCCTCATCCCATTATTTATCGCACCTACGTTCAATATTATAGTCGAGCNATACCTACTAAAGTGTGTTAATTAATTAATGCTTGTAGGACATAATAATAACAATTAAATGTCTGCACAGCCGCTTTCCACACAGACATCATAACAAAAAATTTCCACCAAANNNNNNNNNNNNNNNNNGCTTCTGGCCACAGCACTTAAACACATCTCTGCCAAACCCCGAAAACAA
burkina12,african,NNNNNNNNNNNNNGCATTGCGAGACGCTGGAGCCGGAGCACCCTATGTCGCAGTATCTGTCTTTGATTCCTACCCCATCCCATTATTTATCGCACCTACGTTCAATATTACAGGCGAACNATACCTACTAAAGTGTGTTAATTAATTAATGCTTGTAGGACATAATAATAACAATTGAATGTCTGCACAGCCGCTTTCCACACAGACATCATAACAAAAAATTTCCACCAAANNNNNNNNNNNNNNNNNGCTTCTGGCCACAGCACTTAAACACATCTCTGCCAAACCCCAAAAACAA
burkina13,african,NNNNNNNNNNNNNGCATTGCGAGACGCTGGAGCCGGAGCACCCTATGTCGCAGTATCTGTCTTTGATTCCTGCCCCATCCCATTATTTATCGCACCTACGTTCAATATTACAGGCGAACNATACTTACTAAAGTGTGTTAATTAATTAATGCTTGTAGGACATAATAATAACAATTGAATGTCTGCACAACCGCTTTCCACACAGACATCATAACAAAAAATTTCCACCAAANNNNNNNNNNNNNNNNNGCTTCTGGCCACAGCACTTAAACACATCTCTGCCAAACCCCAAAAACAA
burkina14,african,NNNNNNNNNNNNNGCATTGCGAGACGCTGGAGCCGGAGCACCCTATGTCGCAGTATCTGTCTTTGATTCCTGCCCCATCCCATTATTTATCGCACCTACGTTCAATATTACAGGCGAACNATACCTACTAAAGTGTGTTAATTAATTAATGCTTGTAGGACATAATAATAACAATTGAATGTCTGCACAGCCGCTTTCCACACAGACATCATAACAAAAAATTTCCACCAAANNNNNNNNNNNNNNNNNGCTTCTGGCCACAGCACTTAAACACATCTCTGCCAAACCCCAAAAACAA
burkina15,african,NNNNNNNNNNNNNGCATTGCGGGACGCTGGAGCCGGAGCACCCTATGTCGCAGTATCTGTCTTTGATTCCTGCCTCATTCCATTATTTATCGCACCTACGTTCAATATTATAGGCGAACNATACCTATTAAAGTGTGTTAATTAATTAATGCTTGTAGGACATAATAATAACAATTGAATGTCTGCACAGCCGCTTTCCACACAGACATCATAACAAAAAATTTCCACCAAANNNNNNNNNNNNNNNNNGCTTCTGGCTACAGCACTTAAACACATCTCTGCCAAACCCCAAAAACAA
burkina16,african,NNNNNNNNNNNNNGCATTGCGAGACGCTGGAGCCGGAGCACCCTATGTCGCAGTATCTGTCTTTGATTCCTGCCTCATTCTATTATTTATCGCACCTACGTTCAATATTACAGGCGAACNATACCTACTAAAGTGTGTTAATTAATTAATGCTTGTAGGACATAATAATAACAATTGAATGTCTGCACAGCCGCTTTCCACACAGACATCATAACAAAAAATTTCCACCAAANNNNNNNNNNNNNNNNNGCTTCTGGCCACAGCACTTAAACACATCTCTGCCAAACCCCAAAAACAA
burkina17,african,NNNNNNNNNNNNNGCATTGCGAGACGCTGGAGCCGGAGCACCCTATGTCGCAGTATCTGTCTTTGATTCCTGCCCCATCCCATTATTTATCGCACCTACGTTCAATATTACAGGCGAACNATACCTACTAAAGTGTGTTAATTAATTAATGCTTGTAGGACATAATAATAACAATTGAATGTCTGCACAGCCGCTTTCCACACAGACATCATAACAAAAAATTTCCACCAAANNNNNNNNNNNNNNNNNGCTTCTGGCCACAGCACTTAAACACATCTCTGCCAAACCCCAAAAACAA
burkina18,african,NNNNNNNNNNNNNGCATTGCGGGACGCTGGAGCCGGAGCACCCTATGTCGCAGTATCTGTCTTTGATTCCTGCCCCATTCCATTATTTATCGCACCTACGTTCAATATTATGGGCGAACNATACCTATTAAAGTGTGTTAATTAATTAATGCTTGTAGGACATAATAATAACAATTGAATGTCTGCACAGCCGCTTTCCACACAGACATCATAACAAAAAATTTCCACCAAANNNNNNNNNNNNNNNNNGCTTCTGGCTACAGCACTTAAACACATCTCTGCCAAACCCCAAAAACAA
burkina19,african,NNNNNNNNNNNNNGCATTGCGAGACGCTGGAGCCGGAGCACCCTATGTCGCAGTATCTGTCTTTGATTCCTGCCTCATTCTATTATTTATCGCACCTACGTTCAATATTACAGGCGAACNATACTTACTAAAGTGTGTTAATTAATTAATGCTTGTAGGACATAATAATAACAATTGAATGTCTGCACAGCCGCTTTCCACACAGACATCATAACAAAAAATTTCCACCAAANNNNNNNNNNNNNNNNNGCTTCTGGCCACAGCACTTAAACACATCTCTGCCAAACCCCAAAAACAA
burkina20,african,NNNNNNNNNNNNNGCATTGCGAGACGCTGGAGCCGGAGCACCCTATGTCGCAGTATCTGTCTTTGATTCCTACCCCATCCCATTATTTATCGCACCTACGTTCAATATTACAGGCGAACNATACCTACTAAAGTGTGTTAATTAATTAATGCTTGTAGGACATAATAATAACAATTGAATGTCTGCACAGCCGCTTTCCACACAGACATCATAACAAAAAATTTCCACCAAANNNNNNNNNNNNNNNNNGCTTCTGGCCACAGCACTTAAACACATCTCTGCCAAACCCCAAAAACAA
burkina21,african,NNNNNNNNNNNNNGCATTGCGAGACGCTGGAGCCGGAGCACCCTATGTCGCAGTATCTGTCTTTGATTCCTACCCCATCCCATTATTTATCGCACCTACGTTCAATATTACAGGCGAACNATACCTACTAAAGTGTGTTAATTAATTAATGCTTGTAGGACATAATAATAACAATTGAATGTCTGCACAGCCGCTTTCCACACAGACATCATAACAAAAAATTTCCACCAAANNNNNNNNNNNNNNNNNGCTTCTGGCCACAGCACTTAAACACATCTCTGCCAAACCCCAAAAACAA
burkina22,african,NNNNNNNNNNNNNGCATTGCGGGACGCTGGAGCCGGAGCACCCTATGTCGCAGTATCTGTCTTTGATTCCTGCCCCATTCCATTATTTATCGCACCTACGTTCAATATTATAGGCGAACNATACCTATTAAAGTGTGTTAATTAATTAATGCTTGTAGGACATAATAATAACAATTGAATGTCTGCACAGCCGCTTTCCACACAGACATCATAACAAAAAATTTCCACCAAANNNNNNNNNNNNNNNNNGCTTCTGGCTACAGCACTTAAACACATCTCTGCCAAACCCCAAAAACAA
burkina23,african,NNNNNNNNNNNNNGCATTGCGAGACGCTGGAGCCGGAGCACCCTATGTCGCAGTATCTGTCTTTGATTCCTACCCCATCCCATTATTTATCGCACCTACGTTCAATATTACAGGCGAACNATACCTACTAAAGTGTGTTAATTAATTAATGCTTGTAGGACATAATAATAACAATTGAATGTCTGCACAGCCGCTTTCCACACAGACATCATAACAAAAAATTTCCACCAAANNNNNNNNNNNNNNNNNGCTTCTGGCCACAGCACTTAAACACATCTCTGCCAAACCCCAAAAACAA
burkina24,african,NNNNNNNNNNNNNGCATTGCGAGACGCTGGAGCCGGAGCACCCTATGTCGCAGTATCTGTCTTTGATTCCTACCCCATCCCATTATTTATCGCACCTACGTTCAATATTACAGGCGAACNATACCTACTAAAGTGTGTTAATTAATTAATGCTTGTAGGACATAATAATAACAATTGAATGTCTGCACAGCCGCTTTCCACACAGACATCATAACAAAAAATTTCCACCAAANNNNNNNNNNNNNNNNNGCTTCTGGCCACAGCACTTAAACACATCTCTGCCAAACCCCAAAAACAA
burkina25,african,NNNNNNNNNNNNNGCATTGCGAGACGCTGGAGCCGGAGCACCCTATGTCGCAGTATCTGTCTTTGATTCCTGCCTCATTCTATTATTTATCGCACCTACGTTCAATATTACAGGCGAACNATACCTACTAAAGTGTGTTAATTAATTAATGCTTGTAGGACATAATAATAACAATTGAATGTCTGCACAGCCGCTTTCCACACAGACATCATAACAAAAAATTTCCACCAAANNNNNNNNNNNNNNNNNGCTTCTGGCCACAGCACTTAAACACATCTCTGCCAAACCCCAAAAACAA
burkina26,african,NNNNNNNNNNNNNGCATTGCGAGACGCTGGAGCCGGAGCACCCTATGTCGCAGTATCTGTCTTTGATTCCTGCCCCATCCCATTATTTATCGCACCTACGTTCAATATTACAGGCGAACNATACCTACTAAAGTGTGTTAATTAATTAATGCTTGTAGGACATAATAATAACAATTGAATGTCTGCACAGCCGCTTTCCACACAGACATCATAACAAAAAATTTCCACCAAANNNNNNNNNNNNNNNNNGCTTCTGGCCACAGCACTTAAACACATCTCTGCCAAACCCCAAAAACAA
burkina27,african,NNNNNNNNNNNNNGCATTGCGAGACGCTGGAGCCGGAGCACCCTATGTCGCAGTATCTGTCTTTGATTCCTACCCCATCCCATTATTTATCGCACCTACGTTCAATATTACAGGCGAACNATACCTACTAAAGTGTGTTAATTAATTAATGCTTGTAGGACATAATAATAACAATTGAATGTCTGCACAGCCGCTTTCCACACAGACATCATAACAAAAAATTTCCACCAAANNNNNNNNNNNNNNNNNGCTTCTGGCCACAGCACTTAAACACATCTCTGCCAAACCCCAAAAACAA
burkina28,african,NNNNNNNNNNNNNGCATTGCGAGACGCTGGAGCCGGAGCACCCTATGTCGCAGTATCTGTCTTTGATTCCTGCCCCATCCCATTATTTATCGCACCTACGTTCAATATTACAGGCGAACNATACCTACTAAAGTGTGTTAATTAATTAATGCTTGTAGGACATAATAATAACAATTGAATGTCTGCACAGCCGCTTTCCACACAGACATCATAACAAAAAATTTCCACCAAANNNNNNNNNNNNNNNNNGCTTCTGGCCACAGCACTTAAACACATCTCTGCCAAACCCCAAAAACAA
burkina29,african,NNNNNNNNNNNNNGCATTGCGAGACGCTGGAGCCGGAGCACCCTATGTCGCAGTATCTGTCTTTGATTCCTACCCCATCCCATTATTTATCGCACCTACGTTCAATATTACAGGCGAACNATACCTACTAAAGTGGGTTAATTAATTAATGCTTGTAGGACATAATAATAACAATTGAATGTCTGCACAGCCGCTTTCCACACAGACATCATAACAAAAAATTTCCACCAAANNNNNNNNNNNNNNNNNGCTTCTGGCCACAGCACTTAAACACATCTCTGCCAAACCCCAAAAACAA
burkina30,african,NNNNNNNNNNNNNGCATTGCGAGACGCTGGAGCCGGAGCACCCTATGTCGCAGTATCTGTCTTTGATTCCTGCCTCATTCTATTATTTATCGCACCTACGTTCAATATTACAGGCGAACNATACCTATTAAAGTGTGTTAATTAATTAATGCTTGTAGGACATAATAATAACAATTGAATGTCTGCACAGCCGCTTTCCACACAGACATCATAACAAAAAATTTCCACCAAANNNNNNNNNNNNNNNNNGCTTCTGGCCACAGCACTTAAACACATCTCTGCCAAACCCCAAAAACAA
burkina31,african,NNNNNNNNNNNNNGCATTGCGAGACGCTGGAGCCGGAGCACCCTATGTCGCAGTATCTGTCTTTGATTCCTGCCTCATCCCGTTATTTATCGCACCTACGTTCAATATTACAGGCGAACNATACTTACTAAAGTGTGTTAATTAATTAATGCTTGTAGGACATAATAATAACAATTGAATGTCTGCACAGCCGCTTTCCACACAGACATCATAACAAAAAATTTCCACCAAANNNNNNNNNNNNNNNNNGCTTCTGGCCACAGCACTTAAACACATCTCTGCCAAACCCCAAAAACAA
burkina32,african,NNNNNNNNNNNNNGCATTGCGAGACGCTGGAGCCGGAGCACCCTATGTCGCAGTATCTGTCTTTGATTCCTGCCTCATCTCATTATTTATCGCACCTACGTTCAATATTATAGGAGACCNATACTTACTAAAGTGTGTTAATTAATTAATGCTTGTAGGACATAATAATAACAATTAAATGTCTGCACAGCCGCTTTCCACACAGACATCATAACAAAAAATTTCCACCAAANNNNNNNNNNNNNNNNNACTTCTGGCCACAGCACTTAAACACATCTCTGCCAAACCCCAAAAACAA
burkina33,african,NNNNNNNNNNNNNGCATTGCGAGACGCTGGAGCCGGAGCACCCTATGTCGCAGTATCTGTCTTTGATTCCTGCCTCATCCCATTATTTATCGCACCTACGTTCAATATTATAGTCGAGCNATACCTACTAAAGTGTGTTAATTAATTAATGCTTGTAGGACATAATAATAACAATTAAATGTCTGCACAGCCGCTTTCCACACAGACATCATAACAAAAAATTTCCACCAAANNNNNNNNNNNNNNNNNGCTTCTGGCCACAGCACTTAAACACATCTCTGCCAAACCCCGAAAACAA
burkina34,african,NNNNNNNNNNNNNGCATTGCGAGACGCTGGAGCCGGAGCACCCTATGTCGCAGTATCTGTCTTTGATTCCTGCCTCATTCCATTATTTATCGCACCTACGTTCAATATTACAGGCGAACNATACCTACTAAAGTGTGTTAATTAATTAATGCTTGTAGGACATAATAATAACAATTGAATGTCTGCACAGCCGCTTTCCACACAGACATCATAACAAAAAATTTCCACCAAANNNNNNNNNNNNNNNNNGCTTCTGGCCACAGCACTTAAACACATCTCTGCCAAACCCCAAAAACAA
burkina35,african,NNNNNNNNNNNNNGCATTGCGAGACGCTGGAGCCGGAGCACCCTATGTCGCAGTATCTGTCTTTGATTCCTACCCCATCCCATTATTTATCGCACCTACGTTCAATATTACAGGCGAACNATACCTACTAAAGTGTGTTAATTAATTAATGCTTGTAGGACATAATAATAACAATTGAATGTCTGCACAGCCGCTTTCCACACAGACATCATAACAAAAAATTTCCACCAAANNNNNNNNNNNNNNNNNGCTTCTGGCCACAGCACTTAAACACATCTCTGCCAAACCCCAAAAACAA
burkina36,african,NNNNNNNNNNNNNGCATTGCGAGACGCTGGAGCCGGAGCACCCTATGTCGCAGTATCTGTCTTTGATTCCTGCCCCATCCCATTATTTATCGCACCTACGTTCAATATTACAGGCGAACNATACCTACTAAAGTGTGTTAATTAATTAATGCTTGTAGGACATAATAATAACAATTGAATGTCTGCACAGCCGCTTTCCACACAGACATCATAACAAAAAATTTCCACCAAANNNNNNNNNNNNNNNNNGCTTCTGGCCACAGCACTTAAACACATCTCTGCCAAACCCCAAAAACAA
burkina37,african,NNNNNNNNNNNNNGCATTGCGAGACGCTGGAGCCGGAGCACCCTATGTCGCAGTATCTGTCTTTGATTCCTACCCCATCCCATTATTTATCGCACCTACGTTCAATATTACAGGCGAACNATACCTACTAAAGTGTGTTAATTAATTAATGCTTGTAGGACATAATAATAACAATTGAATGTCTGCACAGCCGCTTTCCACACAGACATCATAACAAAAAATTTCCACCAAANNNNNNNNNNNNNNNNNGCTTCTGGCCACAGCACTTAAACACATCTCTGCCAAACCCCAAAAACAA
burkina38,african,NNNNNNNNNNNNNGCATTGCGAGACGCTGGAGCCGGAGCACCCTATGTCGCAGTATCTGTCTTTGATTCCTGCCTCATTCTATTATTTATCGCACCTACGTTCAATATTACAGGCGAACNATACCTATTAAAGCGTGTTAATTAATTAATGCTTGTAGGACATAATAATAACAATTGAATGTCTGCACAGCCGCTTTCCACACAGACATCATAACAAAAAATTTCCACCAAANNNNNNNNNNNNNNNNNGCTTCTGGCCACAGCACTTAAACACATCTCTGCCAAACCCCAAAAACAA
burkina39,african,NNNNNNNNNNNNNGCATTGCGAGACGCTGGAGCCGGAGCACCCTATGTCGCAGTATCTGTCTTTGATTCCTGCCCCATCCCATTATTTATCGCACCTACGTTCAATATTACAGGCGAACNATACCTACTAAAGTGTGTTAATTAATTAATGCTTGTAGGACATAATAATAACAATTGAATGTCTGCACAGCCGCTTTCCACACAGACATCATAACAAAAAATTTCCACCAAANNNNNNNNNNNNNNNNNGCTTCTGGCCACAGCACTTAAACACATCTCTGCCAAACCCCAAAAACAA
burkina40,african,NNNNNNNNNNNNNGCATTGCGAGACGCTGGAGCCGGAGCACCCTATGTCGCAGTATCTGTCTTTGATTCCTGCCCCATCCCATTATTTATCGCACCTACGTTCAATATTACAGGCGAACNATACCTACTAAAGTGTGTTAATTAATTAATGCTTGTAGGACATAATAATAACAATTGAATGTCTGCACAGCCGCTTTCCACACAGACATCATAACAAAAAATTTCCACCAAANNNNNNNNNNNNNNNNNGCTTCTGGCCACAGCACTTAAACACATCTCTGCCAAACCCCAAAAACAA
burkina41,african,NNNNNNNNNNNNNGCATTGCGGGACGCTGGAGCCGGAGCACCCTATGTCGCAGTATCTGTCTTTGATTCCTGCCCCATTCCGTTATTTATCGCACCTACGTTCAATATTATAGGCGAACNATACCTACTAAAGTGTGTTAATTAATTAATGCTTGTAGGACATAATAATAACAATTGAATGTCTGCACAGCCGCTTTCCACACAGACATCATAACAAAAAATTTCCACCAAANNNNNNNNNNNNNNNNNGCTTCTGGCTACAGCACTTAAACACATCTCTGCCAAACCCCAAAAACAA
burkina42,african,NNNNNNNNNNNNNGCATTGCGAGACGCTGGAGCCGGAGCACCCTATGTCGCAGTATCTGTCTTTGATTCCTGCCCCATCCCATTATTTATCGCACCTACGTTCAATATTACAGGCGAACNATACCTACTAAAGTGTGTTAATTAATTAATGCTTGTAGGACATAATAATAACAATTGAATGTCTGCACAGCCGCTTTCCACACAGACATCATAACAAAAAATTTCCACCAAANNNNNNNNNNNNNNNNNGCTTCTGGCCACAGCACTTAAACACATCTCTGCCAAACCCCAAAAACAA
burkina43,african,NNNNNNNNNNNNNGCATTGCGAGACGCTGGAGCCGGAGCACCCTATGTCGCAGTATCTGTCTTTGATTCCTGCCTCATTCTATTATTTATCGCACCTACGTTCAATATTACAGGCGAACNATACCTACTAAAGTGTGTTAATTAATTAATGCTTGTAGGACATAATAATAACAATTGAATGTCTGCACAGCCGCTTTCCACACAGACATCATAACAAAAAATTTCCACCAAANNNNNNNNNNNNNNNNNGCTTCTGGCCACAGCACTTAAACACATCTCTGCCAAACCCCAAAAACAA
burkina44,african,NNNNNNNNNNNNNGCATTGCGAGACGCTGGAGCCGGAGCACCCTATGTCGCAGTATCTGTCTTTGATTCCTGCCTCATCCCATTATTTATCGCACCTACGTTCAATATTATAGTCGAGCNATACCTACTAAAGTGTGTTAATTAATTAATGCTTGTAGGACATAATAATAACAATTAAATGTCTGCACAGCCGCTTTCCACACAGACATCATAACAAAAAATTTCCACCAAANNNNNNNNNNNNNNNNNGCTTCTGGCCACAGCACTTAAACACATCTCTGCCAAACCCCGAAAACAA
burkina45,african,NNNNNNNNNNNNNGCATTGCGAGACGCTGGAGCCGGAGCACCCTATGTCGCAGTATCTGTCTTTGATTCCTGCCTCATCCCATTATTTATCGCACCTACGTTCAATATTACAGGCGAACNATACTTACTAAAGTGTGTTAATTAATTAATGCTTGTAGGACATAATAATAACAATTGAATGTCTGCACAGCCGCTTTCCACACAGACATCATAACAAAAAATTTCCACCAAANNNNNNNNNNNNNNNNNGCTTCTGGCCACAGCACTTAAACACATCTCTGCCAAACCCCAAAAACAA
burkina46,african,NNNNNNNNNNNNNGCATTGCGGGACGCTGGAGCCGGAGCACCCTATGTCGCAGTATCTGTCTTTGATTCCTGCCTCATCCTATTATTTATCGCACCTACGTTCAATATTACAGACGAGCNATACTTACTGAAGTGTGTTAATTAATTAATGCTTGTAGGACATAACAATAACAATTAAATGTCTGCACAGCCGCTTTCCACACAGACATCATAACAAAAAATTTCCACCAAANNNNNNNNNNNNNNNNNGCTTCTGGCCACAGCACTTAAACACATCTCTGCCAAACCCCAAAAACAA
burkina47,african,NNNNNNNNNNNNNGCATTGCGAGACGCTGGAGCCGGAGCACCCTATGTCGCAGTATCTGTCTTTGATTCCTGCCCCATTCTATTATTTATCGCACCTACGTTCAATATTATGGGCGAACNATACCTATTAAAGCGTGTTAATTAATTAATGCTTGTAGGACATAATAATAACAATTGAATGTCTGCACAGCCGCTTTCCACACAGACATCATAACAAAAAATTTCCACCAAANNNNNNNNNNNNNNNNNGCTTCTGGCCACAGCACTTAAACACATCTCTGCCAAACCCCAAAAACAA
burkina48,african,NNNNNNNNNNNNNGCATTGCGAGACGCTGGAGCCGGAGCACCCTATGTCGCAGTATCTGTCTTTGATTCCTGCCTCATCCCATTATTTATCGCACCTACGTTCAATATTATAGTCGAGCNATACCTACTAAAGTGTGTTAATTAATTAATGCTTGTAGGACATAATAATAACAATTAAATGTCTGCACAGCCGCTTTCCACACAGACATCATAACAAAAAATTTCCACCAAANNNNNNNNNNNNNNNNNGCTTCTGGCCACAGCACTTAAACACATCTCTGCCAAACCCCGAAAACAA
burkina49,african,NNNNNNNNNNNNNGCATTGCGAGACGCTGGAGCCGGAGCACCCTATGTCGCAGTATCTGTCTTTGATTCCTACCCCATCCCATTATTTATCGCACCTACGTTCAATATTACAGGCGAACNATACCTACTAAAGTGTGTTAATTAATTAATGCTTGTAGGACATAATAATAACAATTGAATGTCTGCACAGCCGCTTTCCACACAGACATCATAACAAAAAATTTCCACCAAANNNNNNNNNNNNNNNNNGCTTCTGGCCACAGCACTTAAACACATCTCTGCCAAACCCCAAAAACAA
burkina50,african,NNNNNNNNNNNNNGCATTGCGAGACGCTGGAGCCGGAGCACCCTATGTCGCAGTATCTGTCTTTGATTCCTGCCCCATCCTATTATTTATCGCACCTACGTTCAATATTACAGACGGACNATACTTACTAAAGTGTGTTAATTAATTAATGCTTGTAGGACATAATAATAACAATTGAATGTCTGCACAGCCGCTTTCCACACAGACATCATAACAAAAAATTTCCACCAAANNNNNNNNNNNNNNNNNGCTTCTGGCCACAGCACTTAAACACATCTCTGCCAAACCCCAAAAACAA
